,,,,,,,,,,,,,,,,,,,,,,,,,,,,,,,,,,,,,,,,,,,,,,,,,,,,,,,,,,,,,,,,,,,,
Year,,,,1960,1961,1962,1963,1964,1965,1966,1967,1968,1969,1970,1971,1972,1973,1974,1975,1976,1977,1978,1979,1980,1981,1982,1983,1984,1985,1986,1987,1988,1989,1990,1991,1992,1993,1994,1995,1996,1997,1998,1999,2000,2001,2002,2003,2004,2005,2006,2007,2008,2009,2010,2011,2012,2013,2014,2015,2016,2017,2018,2019,2020,2021,2022,2023,2024
Country Name,,,,,,,,,,,,,,,,,,,,,,,,,,,,,,,,,,,,,,,,,,,,,,,,,,,,,,,,,,,,,,,,,,,,
Aruba,,,,,,,,,,,,,,,,,,,,,,,,,,,,,,,,,,,,,,,,,,,,,,,,,,,,,,,,,,,,,,,,,,,,
Africa Eastern and Southern,,,,,,,,,,,,,,,,,,,,,,,,,,,,,,,,,,,,,,,,,,,73.22621873,,20.56332373,17.4509513,17.3307161,18.37408565,18.83377248,21.0892882,20.92112611,21.65117081,16.96024722,16.89134285,17.48330903,17.63290869,17.73197928,17.87181241,17.12192909,16.7355909,17.17658348,17.2585556,17.61487233,18.04843025,19.1774572,19.48086012,,
Afghanistan,,,,,,,,,,,,,,,,,,,,,,,,,,,,,,,,,,,,,,,,,,,,,,,,,,6.967597575,5.283456604,6.08796493,8.481758361,9.169751919,8.916793996,7.707800603,7.12277329,6.882102943,7.585382331,9.502652783,9.898450897,,,,,,,
Africa Western and Central,,,,,,,,,,,,,,,,,,,,,,,,,,,,,,,,,,,,,,,,,,,,,,,,,,,,,,,,,,,,,,,,,,,,
Angola,,,,,,,,,,,,,,,,,,,,,,,,,,,,,,,,,,,,,,,,,,,16.29397166,28.70338216,29.24667572,15.53281183,17.17158036,18.07457012,17.10911781,23.38516999,21.49916056,25.65014986,18.36107923,16.59994721,16.10341244,14.82271911,14.18476266,13.54263016,11.00201902,9.732512484,9.223777502,9.644778503,10.0903858,,,,,
Albania,,,,,,,,,,,,,,,,,,,,,,,,,,,,,,,,,,,,,,,11.20221985,8.766250584,9.753038318,14.26420107,,,,15.8747643,16.63234264,17.42670417,,,,,,,17.90672307,17.5879266,16.47649627,18.20809547,18.38129215,17.40320252,18.54766318,18.27695273,17.93099399,16.8955446,18.0962082,18.06077868,17.75986874,
Andorra,,,,,,,,,,,,,,,,,,,,,,,,,,,,,,,,,,,,,,,,,,,,,,,,,,,,,,,,,,,,,,14.12060576,13.76324584,12.6582712,13.11083852,14.98459754,13.94729722,
Arab World,,,,,,,,,,,,,,,,,,,,,,,,,,,,,,,,,,,,,,,,,,,,,,,,,,,,,,,,,,5.144184156,5.297094082,,,,,,,,,
United Arab Emirates,,,,,,,,,,,,,,,,,,,,,,,,,,,,,,,,,,,,,,,,,0.992336344,1.075872392,1.122447005,,,,,,,,,,,,0.312357811,0.354309303,0.361091645,0.346301233,0.055841069,0.04205645,0.065621398,0.058638863,0.972238389,0.682088274,0.535243669,0.578507737,0.626855999,
Argentina,,,,,,,,,,,,,,,,,,,,,,,,,,,,,,,,,,4.838513147,5.008236547,5.547922134,8.015138006,8.126437228,8.054357652,8.171787775,8.690086356,9.030526186,9.076124336,9.622603502,9.324898794,9.818958347,12.5187797,13.1007799,13.10317565,12.8788867,12.44826845,13.31784636,12.38304156,12.85304269,12.6636277,12.95284151,12.45290276,12.61096661,12.33650694,12.09728364,10.93962386,9.79144712,10.39199734,10.70812114,11.34107403,11.08581809,9.980936481,
Armenia,,,,,,,,,,,,,,,,,,,,,,,,,,,,,,,,,,,,,,,,,,,,,,,,13.99640565,14.33566341,14.39598656,15.96253173,17.32175873,16.50586323,17.0700514,17.21941905,17.49164208,21.58621388,21.59917455,20.93122083,21.27737528,20.78065336,20.8701039,22.28517099,21.86041928,22.00100474,21.82715524,22.48186258,
American Samoa,,,,,,,,,,,,,,,,,,,,,,,,,,,,,,,,,,,,,,,,,,,,,,,,,,,,,,,,,,,,,,,,,,,,
Antigua and Barbuda,,,,,,,,,,,,,,,,,,,,,,,,,,,,,,,,,,,,,,,,,,,,,,,,,,,,,,,,,,,,,,,,,,,,
Australia,,,,,,,,,,,,,,,,17.84142947,17.01858617,18.05741928,19.87481756,20.30018357,20.53427577,20.40567681,19.76960582,20.41243853,21.46232607,21.58592062,21.71486796,21.01238693,22.4927071,22.55486344,23.21120524,23.12913224,22.64391224,22.42978184,22.32840234,20.64000189,19.98046053,20.00762938,21.15959391,21.87235925,22.37557597,22.2288032,22.41499372,23.02414158,24.85786017,23.54814488,24.29996962,24.25826506,24.75454972,24.51177239,24.03934536,24.20769581,22.02100614,20.47799546,20.32252448,21.09908592,21.94434163,21.89787868,21.87407068,22.27552213,22.11036864,23.20844496,23.40844001,22.59092489,23.06126793,23.62795125,,
Austria,,,,,,,,,,,,,,,,17.959129,18.26850596,18.46968405,18.08174897,17.93257193,18.07007111,18.85138808,18.62306041,18.65105847,19.0243414,18.26194997,18.1034977,19.03864925,18.17497293,18.04300869,17.78976421,18.63579466,17.87576881,18.05178967,18.23861676,18.99488088,19.00991502,18.41771271,24.68526663,26.06990773,26.92621171,27.02386308,26.70815323,26.35825032,28.10496967,27.17597627,26.81335909,26.47583053,25.64896166,25.19434067,25.59500507,26.24814002,25.39736686,25.49573389,25.64663915,26.18309943,26.77416869,26.84190273,27.21602741,25.82202777,25.76168611,25.72164486,25.80966204,24.66600578,26.01481748,26.20686359,25.89049505,
Azerbaijan,,,,,,,,,,,,,,,,,,,,,,,,,,,,,,,,,,,,,,25.55916733,17.95407255,9.85045744,10.69380996,12.679335,12.73345872,,,,,,,,,16.42117537,14.10670899,12.15777699,12.22476095,12.77863937,13.38833316,14.21253565,15.60316293,14.55551657,13.16404551,12.97127179,14.21885265,15.18557251,13.4213203,15.44768972,,
Burundi,,,,,,,,,,,,,,,,,,,,,,,,,,,,,,,,,,,15.14266298,15.12278396,14.92891631,15.61605477,16.67820658,13.43899658,11.42036173,13.85429535,13.16564559,,,,,,,,,,,13.85595713,15.53175099,14.49615522,13.48786653,13.69002672,13.12815489,13.86338595,14.36838242,,15.05939438,15.78782277,15.63624548,,,
Belgium,,,,,,,,,,,,,,,,,,,,,,,,,,,,,,,,,,,,,,,25.6224194,26.02989167,26.56702432,27.16304179,27.00951188,27.27474136,26.78651211,25.71234509,25.07661801,25.53796126,25.47132993,25.28775048,24.78853753,25.25416988,23.69514823,24.46135143,24.75377919,25.70696784,26.07560813,26.00835691,24.42272428,22.92859825,23.53513881,24.03777391,22.59782094,21.86156404,23.22498771,22.70119148,,
Benin,,,,,,,,,,,,,,,,,,,,13.05749474,12.97267119,12.26007922,10.78914255,,,,,,,,,,,,,,,,,,,,,,,,,,,,,,,,,,,,,,,,,,,,,
Burkina Faso,,,,,,,,,,,,,,,,,,,,,,,,,,,,,,,,,,,,,,,,,,,,,,9.661383768,9.861311204,11.29101966,10.44973408,10.77840826,11.27918912,10.54887635,11.12763173,11.31006465,12.21949136,13.88996243,14.94864196,13.66382751,13.2802007,14.1391533,15.26072123,15.29241208,15.64060786,13.74237017,16.01978778,17.67305174,18.35797988,
Bangladesh,,,,,,,,,,,,,,,,,,,,,,,,,,,,,,,,,,,,,,,,,,,,,6.611160271,6.691384191,6.965213904,7.046448418,7.135670039,7.043304058,6.917262669,7.656029883,7.498116263,7.834684749,8.685924706,9.02456269,8.962413315,8.635377737,8.498348828,7.316911848,6.997142632,7.731772166,7.638638955,7.001536744,7.64236301,,,
Bulgaria,,,,,,,,,,,,,,,,,,,,,,,,,,,,,,,,,,23.83312845,22.33382461,16.90338645,15.21378387,21.23896499,11.15666427,12.06859738,18.5226349,19.37550127,20.03229573,20.45799307,19.78049413,18.14766581,20.11518615,21.02957099,20.88552199,21.81202041,21.7606133,21.97387982,18.58649864,17.87143156,17.88271515,18.38533526,19.68628224,19.56662077,20.07780364,20.33302996,20.52322466,19.93698055,20.55721271,20.17840551,20.58214782,21.72561584,20.47501976,
Bahrain,,,,,,,,,,,,,,,,,,,,,,,,,,,,,,,,,,4.562103993,4.433543613,4.740947817,4.704742759,4.549815884,4.218575809,4.435073079,4.483334723,4.981518453,4.408796623,3.732777721,4.103642909,3.578992892,3.306813188,4.216840666,1.161845629,1.166174892,1.145097962,1.235815584,1.363166786,1.128280939,1.071766976,1.137081472,1.029284683,0.792383936,0.990043144,0.808517154,0.936278227,1.092602424,2.878188719,2.823175478,,,,
"Bahamas, The",,,,,,,,,,,,,,,,,,,,,,,,,,,,,,,,,,13.86291851,13.63799997,15.43261499,15.39456662,16.71678429,17.34616506,17.04904406,10.39523969,9.972501983,10.32367804,10.67868759,9.859542693,8.999094713,9.288519057,9.428334156,10.00170798,11.24833165,11.35886589,12.12136614,11.25206873,10.76231493,13.01102086,12.03936947,11.77170037,11.28698,12.70142553,14.13404795,14.79055179,14.31972354,16.56020185,17.93134328,13.38953765,15.53056234,16.19800535,
Bosnia and Herzegovina,,,,,,,,,,,,,,,,,,,,,,,,,,,,,,,,,,,,,,,,,,,,,,,,,19.88609273,21.68995521,21.39427004,20.3021135,18.94628598,19.6856764,20.30566528,20.47753994,19.75154464,19.77790177,19.70001004,19.71374557,19.98764986,20.14102254,19.82659719,18.75064473,19.0981492,19.09105987,19.05868529,
Belarus,,,,,,,,,,,,,,,,,,,,,,,,,,,,,,,,,,,,20.54347826,26.63959391,24.75018266,19.88764693,18.79977481,20.73459095,17.11232894,16.67247619,16.6247345,15.75466424,14.20103832,17.68812191,18.3713469,20.14965628,22.22309662,23.72669873,25.35338921,18.62947063,16.32143837,14.50907256,14.66297503,13.35496285,12.69772453,14.17309447,13.78823561,13.01900561,14.67256897,13.30150614,12.02292326,12.82500496,11.23354562,12.70106334,
Belize,,,,,,,,,,,,,,,,,,,,,,,,,,,,,,,,,,16.15973682,15.42555686,14.83863555,14.51750017,14.9793474,14.19870582,14.72868308,14.72486833,14.60145239,12.74746313,13.02471683,13.90309516,14.46033021,14.5081748,14.8487347,16.09363029,16.66810169,17.32950618,17.07858416,17.80059224,18.88480266,18.3662735,18.43678896,18.49372515,19.86248779,19.70611484,20.63817269,21.34413431,,,,,,,
Bermuda,,,,,,,,,,,,,,,,,,,,,,,,,,,,,,,,,,,,,,,,,,,,,,,,,,,,,,,,,,,,,,,,,,,,
Bolivia,,,,,,,,,,,,,,,,,,,,,,,,,,,,,8.258114093,8.019954529,7.949052567,7.280551476,7.094743205,7.236224593,7.932729575,8.899788616,9.516345401,10.04546843,9.722329494,12.29385252,12.62034602,13.54652915,12.03978519,12.33080288,11.78254605,13.18410498,12.97300032,15.0163488,16.2151641,16.81616816,16.96486574,,,,,,,,,,,,,,,,,
Brazil,,,,,,,,,,,,,,,,,,,,,,,,,,,,,,,,,,,,,,,,,,,,,,,,,,,,,,14.24957596,14.85129878,14.33241109,14.12530574,13.49007452,13.62962937,13.71043098,13.60522851,13.94010799,13.73769484,12.71938786,14.13667513,14.72584792,14.04186242,
Barbados,,,,,,,,,,,,,,,,,,,,,,,,,,,,,,,,,,,,,,,,,,,,,,,25.24341798,25.77442299,26.73474277,25.28572444,25.94993899,25.40006711,24.70741403,21.56530728,22.62671563,21.4013748,20.12696972,20.5823002,22.64014144,24.91168012,,,,,,,,
Brunei Darussalam,,,,,,,,,,,,,,,,,,,,,,,,,,,,,,,,,,,,,,,,,,,,,,,,,,,,,,,,,,,,,,,,,,,,
Bhutan,,,,,,,,,,,,,,,,,,,,,,,,,,5.720364294,6.6349007,7.603581246,6.7287936,7.111992927,,6.224939944,5.411393815,4.600056366,5.152906744,5.271109952,6.488472592,6.194935632,6.898255038,7.852497029,6.793272607,8.311448699,7.362506471,9.548394274,8.188499087,8.880442403,8.935209566,7.341979879,7.943782507,8.598554057,7.162124102,8.037875216,8.773628946,12.1941396,12.4317425,13.58872807,13.30259474,12.50529912,12.14534542,11.88643007,11.8591945,15.80402364,14.49755272,12.28463638,,,,
Botswana,,,,,,,,,,,,,,,,,,,,,,,,,,,,,,,,,,27.50161294,25.55719349,27.84554007,23.68479922,19.91674392,16.76579585,14.93710789,,,,,,,,,,27.52644024,26.61745627,27.92089988,27.68681402,23.88336421,24.04532616,28.03657766,26.74039063,27.09282997,26.31109885,21.63005532,23.93349631,21.74049457,21.098551,22.27470503,22.23042022,19.6495295,18.71332783,22.48973108
Central African Republic,,,,,,,,,,,,,,,,,,,,,,,,,,,,,,,,,,,,,,,,,,,,,,,,6.211979957,,,,8.28435089,7.908503384,8.407892197,7.540403624,8.172377281,,4.098500696,5.448991385,6.807588937,7.081244249,8.63983072,8.318458045,8.709644827,8.206292297,,,
Canada,,,,,,,,,,,,,,,,,,,,,,,,,,,,,,,,,,14.11212924,14.3976756,14.3088598,13.65233583,13.07369452,13.28706226,13.87849283,14.56772835,14.66839759,14.69992073,14.85774318,14.18147981,13.37762747,13.22893471,13.34474787,13.29949289,13.34822067,13.33443201,12.3901656,12.30438595,11.7328093,11.80392128,11.66442736,11.6235046,11.80837908,12.38981091,12.49656263,12.61201668,13.05768467,12.7416889,13.51859875,13.99629468,13.73645184,14.08980132,14.24536718
Central Europe and the Baltics,,,,,,,,,,,,,,,,,,,,,,,,,,,,,,,,,,,,,,20.47753737,19.98098702,19.3252728,19.31868661,19.18990589,18.41308355,17.95580306,17.22802353,17.41378602,17.67871357,17.26457065,17.4332261,17.83795453,18.35743119,18.29435654,16.86119715,17.07651189,17.19827107,17.24589202,17.32112978,17.25616501,17.59010645,17.61415338,17.56067951,17.43980295,17.54497814,17.42853117,18.01323475,17.68487599,,
Switzerland,,,,,,,,,,,,,,,,6.79436718,6.468733456,6.623875027,6.696349437,7.685615008,7.380171372,7.556425044,7.126461968,7.292197958,7.307528859,7.600636453,7.635406112,7.792768898,7.672089448,8.309256436,7.966643698,8.338601845,7.824865533,7.953722156,7.760840096,7.919358447,7.339651466,7.85574636,7.915461486,8.338045068,8.323929212,9.261956959,8.918886532,10.03234542,8.97063263,8.955704272,8.977577186,9.020393897,9.126160728,9.194038065,9.06562377,9.587141895,9.348527987,9.364008054,9.321952188,9.169074742,9.256214099,9.087339518,9.556179017,9.404603141,10.06163528,9.691023945,9.907169187,9.34487115,10.07014819,8.989933324,9.003557818,
Channel Islands,,,,,,,,,,,,,,,,,,,,,,,,,,,,,,,,,,,,,,,,,,,,,,,,,,,,,,,,,,,,,,,,,,,,
Chile,,,,,,,,,,,,,,,,15.92242299,17.00518816,15.96889888,20.09855221,18.07457994,18.3521918,18.24605164,17.58770446,18.69257876,19.73714084,19.57216375,18.59896825,19.7245478,17.91293697,17.69787972,16.54453499,14.30138579,13.86393665,13.19163915,15.07416217,15.54354934,16.10301962,15.50514157,15.02392219,16.06054266,15.78110096,15.77128964,15.09495708,16.07240363,15.91312577,16.07306762,15.76882727,16.42394505,18.12088991,19.61201733,20.37902854,18.70926556,14.60586057,17.47100627,18.936096,18.99105955,17.4587729,17.04450121,17.54608293,17.46896441,17.50579468,18.3955245,17.71885277,16.19616933,19.67622036,21.33646732,17.71940113,
China,,,,,,,,,,,,,,,,,,,,,,,,,,,,,,,,,,,,,,,,,,,,,,,,,8.45243795,8.929482825,9.625737318,9.943413528,10.13485038,10.03827966,10.15120002,10.08946676,9.732162504,9.498268375,9.194680386,8.945561904,9.248724393,8.890890344,8.329425502,7.924097498,7.798296413,7.517994644,7.638233008,
Cote d'Ivoire,,,,,,,,,,,,,,,,,,,,,,,,,,,,,,,,,,18.01090743,,,,,18.81907459,,,,,,9.536225945,10.05484621,9.656894506,10.01288858,9.872439118,10.32991608,10.66575675,10.74426681,10.50126584,10.21376211,7.571481261,10.61935158,10.63592924,10.11725755,11.1757328,11.46037091,11.75637069,11.66599275,11.6654955,11.78668823,12.38941272,11.8184021,13.22750718,
Cameroon,,,,,,,,,,,,,,,,,,,,,,,,,,,,,,,,,,9.76735862,8.905155245,9.753700886,6.550075788,5.898419523,7.183668971,,,9.694599136,9.707018079,,,,,,,,,,,,,11.3444056,11.52211698,12.28534381,12.11096959,11.65203139,11.87594119,12.34694571,12.02827276,10.87058281,11.34151572,,,
"Congo, Dem. Rep.",,,,,,,,,,,,,,,,,,,,,,,,,,,,,,,,,,9.290676114,4.144,2.726873823,3.408089401,2.65117845,4.931615769,4.760047119,4.053750051,5.349763314,3.459796738,0.779702331,2.752459063,4.235473727,4.040197901,5.276738972,5.920611298,6.828222392,6.992189786,8.96688351,7.892170866,8.350447756,,8.857086338,9.043560325,8.63671685,9.102711981,7.952347,6.59070535,7.295148854,6.377289874,6.429882098,8.399034388,11.41102257,,
"Congo, Rep.",,,,,,,,,,,,,,,,,,,,,,,,,,,,,,,,,,,,,,,,,,,,,9.070936874,8.142904651,8.647504676,7.813594406,5.688120435,5.29500882,6.027573817,5.896624548,8.22388189,6.902938646,8.11448977,7.278246336,8.624360765,9.580921156,12.19514442,13.08946423,10.13526308,6.828452318,7.101549382,8.324484886,6.509088258,,,
Colombia,,,,,,,,,,,,,,,,,,,,,,,,,,,,,,,,,,,,,,,,,,13.74373215,13.47692128,11.21975419,,,11.25882686,,,,,13.03151101,12.67522738,12.1421652,14.57588119,13.22699071,14.02211435,15.69974837,15.79726266,14.38521293,14.85081841,14.60984245,14.90052462,14.04523856,14.4463231,15.26329268,17.56746742,
Comoros,,,,,,,,,,,,,,,,,,,,,,,,,,,,,,,,,,,,,,,,,,,,,,,,,,,,,,,,,,,,,,,,,,,,
Cabo Verde,,,,,,,,,,,,,,,,,,,,,,,,,,,,,,,,,,,,,,,,,,,,,,,,,21.0767999,22.74176634,19.17576553,19.41944637,16.88359364,16.82243285,17.98708302,16.28108273,16.27035546,15.5325589,17.13559678,16.72527813,17.80363837,18.93160634,18.22403324,18.38570329,,,,
Costa Rica,,,,,,,,,,,,,,,,11.44136907,12.49704782,13.620164,12.43707088,12.1882799,12.3050282,12.65156228,11.8839706,11.61681397,12.38120078,12.65574835,15.21876982,14.71680728,13.27305302,13.25739833,14.43415782,14.70223261,13.70475078,13.05733465,10.58635151,11.97654825,12.03526931,11.58078693,12.24503796,12.64281524,12.61316492,12.82386493,13.13375816,12.83971283,13.3610338,13.3681089,13.58495161,13.3589275,13.63539699,13.84166374,14.85647016,15.23250991,13.18307199,12.95254206,13.20898687,13.10529607,13.41682475,13.04558896,13.25399422,13.51085434,13.24410255,13.18214869,13.32013292,12.23802899,14.04058586,14.35419412,13.91152966,
Caribbean small states,,,,,,,,,,,,,,,,,,,,,,,,,,,,,,,,,,,,,,,,,,,,,18.25394569,17.14527902,18.46632395,19.00016435,21.74309677,24.12823676,21.86479074,23.97044935,22.20863082,21.40315823,21.69406164,20.93755326,20.36556574,20.82534371,21.2124221,19.9413812,17.64428338,,,,,,,
Cuba,,,,,,,,,,,,,,,,,,,,,,,,,,,,,,,,,,,,,,,,,,,,,,,,,,,,,,,,,,,,,,,,,,,,
Curacao,,,,,,,,,,,,,,,,,,,,,,,,,,,,,,,,,,,,,,,,,,,,,,,,,,,,,,,,,,,,,,,,,,,,
Cayman Islands,,,,,,,,,,,,,,,,,,,,,,,,,,,,,,,,,,,,,,,,,,,,,,,,,,,,,,,,,,,,,,,,,,,,
Cyprus,,,,,,,,,,,,,,,,,,,13.38910416,12.12039578,13.23091413,13.5794674,14.19974579,14.78758357,13.79337865,14.24138954,15.40599949,16.13204632,16.55646917,16.70123085,16.33131155,17.38664219,18.35703743,18.02989398,16.98022199,18.06632509,19.45704964,20.80340751,18.43503425,17.84197899,17.11722847,18.31612007,18.84692691,20.79663358,21.29563621,21.43126931,22.0150698,21.82883758,23.16845819,24.31188564,28.42295189,26.94962635,23.24923773,23.05416331,23.1497766,23.33476889,23.5211675,24.71572201,24.04738747,23.51605801,23.8198834,23.83344798,23.07479889,21.94010648,22.55227992,23.16304206,24.08231222,
Czechia,,,,,,,,,,,,,,,,,,,,,,,,,,,,,,,,,,,,,18.61660216,16.53522569,16.1241883,15.20214544,14.99790912,14.28605679,14.77632841,14.39409093,14.67065961,14.49221399,14.93425978,15.36370664,14.47194809,14.22476356,14.62269251,13.69102756,13.60054036,13.51508771,14.40314698,14.82192296,14.98638406,14.32344196,14.68562902,14.77064978,14.80677862,14.65729131,14.5245717,14.07311681,12.9358385,12.64198839,,
Germany,,,,,,,,,,,,,,,,10.74473725,10.87953474,10.4369869,10.00821006,10.13320859,10.45257002,10.45495529,10.34198839,10.2450315,10.02002594,9.758673113,9.714810318,10.15365763,10.15975787,9.901606254,10.04782153,9.780639994,10.21330279,9.796391993,11.5872607,11.70005088,11.41839371,11.62403021,11.44400057,10.86126436,10.69647922,10.79270735,11.41139204,11.65871548,10.95626113,10.83441278,11.00758208,10.48032306,10.71182564,10.93208253,11.46808695,11.62479534,11.83027573,11.30096405,11.74695485,11.90977653,12.09184314,12.04738759,11.99390728,11.83113222,11.98069112,11.96124892,11.91055991,11.16838956,11.49518831,11.30533531,10.72138668,
Djibouti,,,,,,,,,,,,,,,,,,,,,,,,,,,,,,,,,,,,,,,,,,,,,,,,,,,,,,,,,,,,,,,,,,,,
Dominica,,,,,,,,,,,,,,,,,,,,,,,,,,,,,,,,,,,,,,,,,,,,,,,,,,,,,,,,,,,,,,,,,,,,
Denmark,,,,,,,,,,,,,,,,29.00948072,28.93349015,29.13802715,26.75502087,26.5288296,27.11027051,28.15556526,28.59254952,28.65327022,28.23845178,27.24741204,27.95106935,29.12684451,30.60349438,32.8665236,32.28985716,32.44939231,31.42378246,29.73096071,29.13863754,29.47620421,30.86625853,31.58950446,31.73556832,32.02924749,31.82212194,32.20707291,32.08930834,31.50094176,30.19267544,30.19371284,30.27389183,31.23567868,32.98969075,31.89289097,35.14183977,33.42277906,32.97678129,32.76371433,32.8089691,33.51467416,33.79614269,36.58507238,34.15604274,33.49032674,33.27970952,32.38392367,34.97739054,34.47093025,35.00401229,30.66927192,31.40416907,
Dominican Republic,,,,,,,,,,,,,,,,13.8522693,13.43824633,14.42048057,16.08135141,13.26331773,12.53733296,11.35096316,11.03149778,10.30718945,9.712615556,7.978324503,8.457150294,9.022770398,9.69124559,11.28189554,11.2446214,11.70088735,12.3845918,10.29678928,7.590817698,10.87033538,11.15446274,10.53415802,10.57462484,10.34434253,11.40878793,11.43166966,11.52929548,12.16441366,13.38050699,13.21672761,11.74514298,12.52188432,13.69816112,13.99475989,14.88626837,14.17023127,12.64568227,12.22081855,12.31492377,13.05227283,13.5308948,13.41953177,12.94651444,13.0122121,13.24059299,13.18604533,13.35079773,12.50903439,14.36350038,13.90610303,14.45348574,
Algeria,,,,,,,,,,,,,,,,,,,,,,,,,,,,,,,,,,,,,,,,,,,,,,,,,,,,,,,,,,,,,,,,,,,,
East Asia & Pacific (excluding high income),,,,,,,,,,,,,,,,,,,,,,,,,,,,,,,,,,,,,,,,,,,,,,,,,8.950835909,9.442256779,10.04335794,10.55758282,10.49430863,10.36930491,10.57071508,10.49136327,10.24313659,9.997209065,9.702729221,9.437971746,9.688515058,9.349517653,8.861469954,8.444501155,8.342947239,8.120033968,8.241451012,
Early-demographic dividend,,,,,,,,,,,,,,,,,,,12.63109425,12.96865374,13.51984044,13.73016789,13.98326567,,14.14296888,,,,13.58392852,12.94416791,12.8607624,12.35454139,12.62561285,12.21577437,11.96835775,12.36985809,11.4112908,11.89662076,11.78306161,12.0536315,12.83144645,11.53815129,,,,,,,,,,13.06272098,12.22013841,12.07666383,12.0335624,12.12136946,12.36338793,12.14401516,12.69021541,12.85333898,12.68458491,13.20779017,,,,12.06736279,,
East Asia & Pacific,,,,,,,,,,,,,,,,,,,,,,,,,,,,,,,,,,,,,,,,,,,,,,,,,11.17485744,11.60646907,12.14000691,12.45974635,12.10304056,11.89979582,12.08915073,12.13721659,11.97141599,11.73998646,11.48508962,11.39157238,11.63660438,11.55741671,11.17623208,10.71522774,10.87158283,10.8975553,,
Europe & Central Asia (excluding high income),,,,,,,,,,,,,,,,,,,,,,,,,,,,,,,,,,,,,,,,14.89290144,16.65732057,13.48162695,,,,,,,,,,18.0453656,17.80074378,17.75124565,17.75418178,16.90169651,17.40254543,16.99736254,16.94150612,16.91132741,16.45778653,16.53910589,15.97035565,16.23274828,16.37324807,15.57694319,16.97201909,
Europe & Central Asia,,,,,,,,,,,,,,,,16.1797134,15.55772546,15.97500612,15.80051012,16.42449064,16.49516639,16.37210913,16.24685307,16.89420376,17.11009362,17.49037297,17.40846702,17.37173518,17.63234957,17.95624601,17.85641156,17.83701723,17.80782067,18.17165609,18.78130954,18.6690129,18.33958119,18.65977993,19.26335189,19.40385109,19.82575833,20.10960514,19.85267941,20.17157484,19.8710498,19.37609461,19.16659221,18.8773644,19.49739577,19.80086907,20.00910126,19.63483215,18.53959601,18.9223885,19.13889763,19.2293841,19.471072,19.48006303,19.20882516,19.09579278,19.27763649,19.41774116,19.33025978,19.03211417,19.63355161,19.68200801,19.44630506,
Ecuador,,,,,,,,,,,,,,,,,,,,,,,,,,,,,,,,,,,,,,,,,,,,,,,,,,,,,,,,,14.12323391,14.02067573,16.38905349,14.54177065,13.68930431,14.29254857,13.40088959,12.94143459,12.73586841,13.08919818,,
"Egypt, Arab Rep.",,,,,,,,,,,,,,,,,,,20.52161459,17.33138442,25.5179722,23.07109664,21.28519787,,26.24429969,21.6957606,21.08270677,18.44620253,17.25469169,16.31972789,14.57087379,14.34902597,13.83896104,13.2348643,14.73777778,18.48023005,18.76417526,19.04742857,17.62303922,17.46294682,15.96464836,,,,,13.4077593,13.34994012,13.83597775,14.0686351,15.82951271,15.34985231,15.32052485,15.66136058,14.13007625,14.0086354,12.38490476,13.49806493,12.22014085,12.5192111,,,,,,,,,
Euro area,,,,,,,,,,,,,,,,13.9923879,14.19734348,14.28541241,13.8757435,14.56279862,14.70449608,14.86188983,14.9487794,15.36657461,15.3829891,15.57474048,15.98021893,16.07703356,16.19747899,16.70864964,16.8462884,16.97583367,17.15482576,17.04379641,17.88194972,17.9772329,17.83969577,17.77715224,18.49380297,18.68172682,19.09887502,19.45555242,19.90617613,19.73726155,19.34280475,18.95804433,18.72245306,18.08999275,18.27366388,18.66274207,18.84684124,18.45340843,17.74235237,18.09805654,18.22062941,18.70643988,19.21487353,19.29126405,19.17631608,19.07086371,19.22871624,19.34356843,19.38164044,19.07721647,19.32792083,19.43646973,18.94657882,
Eritrea,,,,,,,,,,,,,,,,,,,,,,,,,,,,,,,,,,,,,,,,,,,,,,,,,,,,,,,,,,,,,,,,,,,,
Spain,,,,,,,,,,,,,,,,8.965207446,9.327517677,8.586955193,8.768412348,9.028238433,8.906770679,9.506285953,9.677070691,9.677110173,9.975208217,9.234241713,10.64604646,10.59719916,12.59417953,14.44032522,15.57668027,15.40796727,16.73991009,15.7220377,15.78825013,16.03291471,14.89264397,15.11756774,,,,,,,,,,14.63597265,15.45788161,15.84276639,16.39473579,12.77318524,10.18928415,12.35525394,11.82569314,11.70629481,13.54465257,14.04823528,14.0820817,13.68383933,13.6257034,14.12549617,13.65802299,13.44625554,14.87752879,15.49617837,14.9927519,
Estonia,,,,,,,,,,,,,,,,,,,,,,,,,,,,,,,,,,,17.57993928,12.50271436,15.42765964,20.27550356,22.83901737,21.84909116,21.96718917,22.1073474,20.92459032,19.68616147,19.23470511,19.62860403,19.82401846,20.22819089,19.09665573,19.95599051,20.26080341,19.38705772,21.71767825,20.18862598,19.44611043,20.16209938,20.23959321,20.70468899,21.5659169,21.67740271,20.86809166,20.8332766,21.06264657,20.72159846,21.74039237,21.01668628,21.42148782,
Ethiopia,,,,,,,,,,,,,,,,,,,,,,,,,,,,,,,,,,8.428884348,7.269236842,5.464440208,5.767995635,7.491337921,8.224320204,8.734556382,10.2666069,10.98798899,10.61984791,,8.083871673,9.709831679,9.116895507,9.680762203,8.724416385,8.262845855,7.812529666,7.814144254,6.581181381,8.16344108,9.209358617,9.377594715,8.764725377,8.811955393,8.351338267,8.087063209,7.603929385,7.51992183,6.661738278,6.196300687,5.324725962,4.49688509,3.931058227,3.40756799
European Union,,,,,,,,,,,,,,,,,14.73994548,14.804348,14.33342328,15.09345068,15.26731913,15.36799699,15.39405242,15.76138085,15.81058963,15.92773574,16.35962763,16.49480385,16.70619876,17.22891925,17.44353089,17.56430155,17.64595586,17.78898868,18.41190485,18.3593529,18.16632353,18.23179318,19.29351088,19.42657233,19.77496247,20.15388706,20.49207381,20.28841282,19.77371986,19.4106226,19.24656662,18.65546644,18.91775914,19.25714966,19.53801437,19.12139178,18.37821076,18.70918679,18.80140174,19.22425348,19.6795176,19.8079189,19.69629039,19.62080698,19.75789711,19.81815462,19.88663492,19.58208255,19.8756163,19.84752788,19.24756864,
Fragile and conflict affected situations,,,,,,,,,,,,,,,,,,,,,,,,,,,,,,,,,,,,,,,,,,,,,,,,,,,,,,,,,,,,,,,,,,,,
Finland,,,,,,,,,,,,,,,,21.76358096,22.00175983,21.34637756,22.1574909,24.69986805,24.21834637,22.41668061,21.18587704,21.45620247,22.53111057,22.16801138,22.3450781,22.74606222,23.48593825,23.9809213,22.67334445,24.19363666,24.65258657,24.41723931,24.43546309,24.88283103,22.44496463,23.13488514,20.72236781,21.93337713,22.6246795,22.71757272,22.39218839,24.25028962,21.89222269,22.47440043,22.06322422,21.81478005,21.7956348,21.42472854,21.06661535,20.49234761,18.88408947,18.60088123,20.05261693,20.20181856,20.72708689,20.73595492,20.58689198,20.98721937,20.88106237,20.96418792,20.78459487,20.00575328,20.82978244,21.19939129,25.38180672,
Fiji,,,,,,,,,,,,,,,,,,,,,,,,,,,,,,,,,,22.75707071,21.87169442,21.59256686,21.40218038,21.4900303,22.20614241,21.20782003,,,,,,,,22.3492148,21.5360119,23.38627925,19.20966984,22.71362931,21.74935566,21.82256442,22.91709332,22.89257614,23.47566275,23.97667942,24.87005299,23.53462354,24.66994207,23.99335342,22.82383155,17.1846695,15.86211299,18.52697345,20.66866836,
France,,,,,,,,,,,,,,,,18.84877016,17.98614106,19.03680052,17.92306199,19.03584768,18.39968778,18.43857831,19.00924169,19.47967028,19.57000982,19.82821424,19.67306824,19.77799962,19.86396377,19.82744644,20.03908991,19.36487154,19.06349035,18.9060036,19.07322928,18.62353606,18.50201707,19.19648766,19.59667406,20.53210104,21.20509662,23.17520769,23.78734012,23.53060259,23.56325449,22.76412467,22.29353057,22.32232069,22.40586904,22.66039473,22.21920976,22.08918423,20.74681061,21.98602648,21.82602512,22.60897414,23.20410117,23.15565935,23.29741198,23.14632834,23.78633496,24.30986428,24.6605264,24.78880644,23.97944454,24.53424768,23.11038059,
Faroe Islands,,,,,,,,,,,,,,,,,,,,,,,,,,,,,,,,,,,,,,,,,,,,,,,,,,,,,,,,,,,,,,,,,,,,
"Micronesia, Fed. Sts.",,,,,,,,,,,,,,,,,,,,,,,,,,,,,,,,,,,,,,,,,,,,,,,,,,,,4.288016383,4.396016049,4.661135884,4.964073105,4.891801556,5.466541557,12.54406661,5.418243679,6.137696308,10.63015125,25.83468444,19.91372183,7.031154695,,,,
Gabon,,,,,,,,,,,,,,,,,,,,,,,,,,,,,,,,,,,,,,,,,,,,,,,,,,,,,,,,14.06052433,16.05883561,15.10522888,12.83006855,11.46806371,11.0849703,10.21533638,11.47952824,12.42677785,9.490325545,,,
United Kingdom,,,,,,,,,,,,,,,,23.01848532,21.07158307,23.74607351,24.26560756,23.80069525,23.32577445,22.15422207,21.90377871,23.87606593,24.6394262,25.86613933,24.6485305,24.7776311,25.13357342,24.50068363,23.15879508,22.99074992,22.76227158,24.1512946,24.84713704,24.28031599,22.98109177,23.79709499,23.23157382,23.06501259,23.73713165,25.02511264,25.48166879,26.0891645,25.74225549,24.96158007,24.55540421,25.15232827,25.48813261,25.77039451,25.99471591,26.45808233,24.17274771,25.27339789,25.83493224,25.10306556,25.13634238,24.88051097,25.06664663,25.45503842,25.5968599,25.54671645,25.11127296,24.78542762,26.4149383,27.17314723,27.40797843,
Georgia,,,,,,,,,,,,,,,,,,,,,,,,,,,,,,,,,,,,,,,5.41484296,7.876437896,10.6237239,10.01573047,11.19127842,11.40143304,11.80467486,11.62151288,10.9223386,15.10234826,16.54260858,18.57011291,20.95528958,24.22450445,23.5093962,21.11065962,22.66140465,23.08850414,22.06259867,22.05314923,22.34774806,23.04243154,23.0135462,22.04786882,22.89727708,21.1807829,21.47289375,22.90227834,23.59921892,24.55660471
Ghana,,,,,,,,,,,,,,,,,,,,,,,,,,,,,,,,,,11.43679869,13.15959562,10.76865718,13.14924718,,,,,,,,17.19292789,17.49311121,18.47768613,21.75210552,21.32150832,12.53461853,13.87798455,13.89596791,12.61246152,13.3883874,14.86579036,15.36818101,10.6718365,11.25218598,11.69056321,11.05832919,11.57703128,12.24424151,11.99699591,11.34043196,12.24468673,12.29753581,,
Gibraltar,,,,,,,,,,,,,,,,,,,,,,,,,,,,,,,,,,,,,,,,,,,,,,,,,,,,,,,,,,,,,,,,,,,,
Guinea,,,,,,,,,,,,,,,,,,,,,,,,,,,,,,,,,7.825414616,8.302415538,7.369674423,7.43568715,,,,,,,,,,,,,,,,,,,,,,,,,,,,,,,,
"Gambia, The",,,,,,,,,,,,,,,,,,,,,,,,,,,,,,,,,,18.20477998,,,,,,,,,,,,,,,,,,,,,,,,,,,,,,,,,,
Guinea-Bissau,,,,,,,,,,,,,,,,,,,,,,,,,,,,,,,,,,,,,,,,,,,,,,,,,,,,,,,,,,,,,9.481533963,8.857877891,8.573917594,7.034106666,8.925745844,8.794633623,8.849341726,
Equatorial Guinea,,,,,,,,,,,,,,,,,,,,,,,,,,,,,,,,,,,,,,,,,,,,,,,,,,9.668882886,7.546688154,7.786359889,12.76309665,7.586159224,7.015790113,8.742219053,8.516349943,8.298900808,11.45673493,6.384406989,5.981846872,6.168908909,9.301943614,8.011290134,5.395099126,6.595986826,,
Greece,,,,,,,,,,,,,,,,13.08466754,12.65972069,12.81463806,12.88210947,14.29862217,14.16187849,14.48782359,14.09205256,13.96540454,12.49663628,15.14551941,15.81785082,14.16720416,14.00693206,15.81250986,16.58614279,15.31058152,13.18366022,15.33456931,,,,,18.84291512,19.07531928,20.13971172,21.23611254,22.28603069,23.30987591,21.61304652,21.87697043,20.2520438,19.62201146,20.79288237,20.31135254,20.5440647,20.48921081,20.04672123,20.43467912,22.45927139,24.95438871,24.73080469,25.39872318,25.39591076,27.0349617,26.74281917,27.10839198,25.93243597,24.99171569,25.57773596,27.66939718,26.63358261,
Grenada,,,,,,,,,,,,,,,,,,,,,,,,,,,,,,,,,,,,,,,,,,,,,,,,,,,,,,,,,,,,,,,,,,,,
Greenland,,,,,,,,,,,,,,,,,,,,,,,,,,,,,,,,,,,,,,,,,,,,,,,,,,,,,,,,,,,,,,,,,,,,
Guatemala,,,,,,,,,,,,,,,,,,,,,,,,,,,,,,,,,,6.86521167,7.325686438,8.313948701,7.81982717,6.765227236,7.714731243,8.529663739,8.697669273,9.371933975,10.24715093,10.06497645,11.03867221,12.07359616,11.85839594,11.74284983,11.38438352,12.05105635,12.25524129,11.45903031,10.50468557,10.60502184,11.01784354,11.00955226,11.10229391,10.77781594,10.35825156,10.4215149,10.63557397,10.56094993,10.43539133,9.955089967,11.55889545,11.81885436,11.56786147,
Guam,,,,,,,,,,,,,,,,,,,,,,,,,,,,,,,,,,,,,,,,,,,,,,,,,,,,,,,,,,,,,,,,,,,,
Guyana,,,,,,,,,,,,,,,,,,,,,,,,,,,,,,,,,,,,,,,,,,,,,,,,,,,,,,,,,,,,,,,,,,,,
High income,,,,,,,,,,,,,,,,14.11645541,13.76917679,14.26147253,13.92790545,14.0559626,14.46689076,14.3733727,14.5666401,14.96085798,15.2911209,15.18286857,14.47868285,14.37777296,14.58551828,14.59110447,14.91324275,14.74076128,14.67863194,14.66291797,14.57830234,14.23250628,14.19036429,14.79285119,15.26493502,15.54625392,15.7936485,16.21444586,16.1859301,16.84202579,16.30830249,15.12891928,14.86050836,14.88645809,15.64808548,16.0739062,16.18605204,15.5948371,13.94252469,14.13958591,14.5347924,14.73006569,15.11415616,15.29514845,15.30111736,15.16407957,15.54695555,15.14041665,15.06581191,15.00521349,15.93731855,16.5210064,14.98302821,
"Hong Kong SAR, China",,,,,,,,,,,,,,,,,,,,,,,,,,,,,,,,,,,,,,,,,,,,,,,,,,,,,,,,,,,,,,,,,,,,
Honduras,,,,,,,,,,,,,,,,10.67247887,10.82739785,11.12131464,11.08540925,11.6617215,13.09374103,7.900577115,8.137050097,8.813908611,8.643894327,,,,,,,,,,,,,,,,,,,,,,13.74646578,14.49585933,14.53495396,15.23835608,16.38500055,16.13051598,14.16197019,14.4250984,14.78797879,14.74747232,15.06324191,16.54263824,17.34447206,,,,,15.06613155,,,,
Heavily indebted poor countries (HIPC),,,,,,,,,,,,,,,,,,,,,,,,,,,,,,,,,,,,,,,,,,,,,,,,,,,,,,9.998595664,,11.02192068,10.74163003,11.11982051,11.27717388,11.06664164,11.59263525,11.63962385,11.8431224,11.4833338,,,,
Croatia,,,,,,,,,,,,,,,,,,,,,,,,,,,,,,,,,,,14.4957109,19.21370069,20.97973102,26.16244268,23.4907443,23.12048656,22.28413151,24.24148207,23.38891087,22.78519817,21.87851311,22.22209445,21.67049602,20.88295457,20.88501292,21.45318582,21.48582345,21.26805008,20.2751684,20.27868687,19.64392207,20.12800573,20.59687138,20.38099902,21.41364828,21.90213454,22.01662148,21.78686401,21.97301939,20.87391385,21.07085031,21.67521678,21.49228168,
Haiti,,,,,,,,,,,,,,,,,,,,,,,,,,,,,,,,,,,,,,,,,,,,,,,,,,,,,,,,,,,,,,,,,,,,
Hungary,,,,,,,,,,,,,,,,,,,,,,,,,35.13355274,33.92320856,36.63364842,34.55967169,29.85723419,34.13037826,34.14810037,33.52115156,28.83763717,28.03316163,25.46618727,23.99589355,24.92890554,24.11586166,23.09163356,22.83044389,20.88983616,20.73219643,21.7636593,22.35122157,21.37973757,20.88454061,20.68455606,20.38331658,19.91931396,19.82880977,21.3918026,23.27352482,23.34088968,22.63499581,21.07557795,22.92903194,22.87443665,23.00295155,23.22214919,23.00061726,22.84571441,22.44799236,22.23982414,22.68589593,21.3456993,23.35810462,,
IBRD only,,,,,,,,,,,,,,,,,,,,,,,,,,,,,,,,,,,,,,,,,,,,,,,,,11.06953239,11.63637358,12.14447389,12.3290631,11.70892162,12.12692064,12.40421278,12.27073987,12.13431679,11.79429422,11.62938153,11.44080346,11.58440131,11.57551403,11.16913473,10.91303016,11.21260779,10.63055344,10.93161154,
IDA & IBRD total,,,,,,,,,,,,,,,,,,,,,,,,,,,,,,,,,,,,,,,,,,,,,,,,,11.03594118,11.58496718,12.07969896,12.27521491,11.64594798,12.06968985,12.35478254,12.22506405,12.08216179,11.77716016,11.62527008,11.42811045,11.55853604,11.55522382,11.17713912,10.91824428,11.21057498,10.66953421,10.96583872,
IDA total,,,,,,,,,,,,,,,,,,,,,,,,,,,,,,,,,,,,,,,,,,,,,,,,,,,,,,,,,,,,,,,,,,,,
IDA blend,,,,,,,,,,,,,,,,,,,,,,,,,,,,,,,,,,,,,,,,,,,,,,,,,,,,,,,,,,,,,,,,,,,,
Indonesia,,,,,,,,,,,,,,,,12.44522349,13.81526342,15.9693687,16.55526992,17.89004765,17.72159889,17.89325596,20.28389965,21.77983836,21.94643419,20.05614379,18.82286533,17.48438914,18.75089737,14.62076982,15.0836946,15.08393805,15.95720183,19.13708376,17.18969691,17.1229527,14.35642033,15.94841919,14.96477227,14.23480194,16.01184841,15.02758818,16.31583561,,11.57818458,11.82695959,12.38553206,12.3307679,,,,13.31061783,11.05778652,,,,,,,,,,,,,,,
IDA only,,,,,,,,,,,,,,,,,,,,,,,,,,,,,,,,,,,,,,,,,,,,,,,,,,,,,9.614065097,9.793945213,10.27462643,10.19954248,10.10553463,10.39485939,10.6066996,10.26462913,10.4954708,10.47417507,10.84827047,10.33647077,10.57296981,,,
Isle of Man,,,,,,,,,,,,,,,,,,,,,,,,,,,,,,,,,,,,,,,,,,,,,,,,,,,,,,,,,,,,,,,,,,,,
India,,,,,,,,,,,,,,,,,,8.181120885,9.024502908,9.181837991,8.597094206,9.30227453,9.689048923,9.026071739,9.213690315,9.269121352,9.268497406,9.306539864,10.07541854,10.42730886,10.40830997,10.35673801,10.46834451,9.993591396,10.17092242,9.805228442,8.53523362,8.981772016,9.226824691,9.231468691,9.008577733,8.113143511,8.638300028,8.810143496,8.079454445,8.676273931,9.108084322,9.570817081,10.08093153,11.12933705,12.10834699,10.97717215,9.809725406,10.38803979,10.1773872,10.83677172,11.00162569,9.984654191,10.56970905,11.14773842,11.38744398,12.01742775,,,,6.73444286,,
Not classified,,,,,,,,,,,,,,,,,,,,,,,,,,,,,,,,,,,,,,,,,,,,,,,,,,,,,,,,,,,,,,,,,,,,
Ireland,,,,,,,,,,,,,,,,21.85998942,22.16929601,21.99726478,21.29561857,23.66494353,22.53302959,22.10937176,21.96423999,24.22688222,25.31422791,26.38442194,27.53525706,28.11945002,27.20557818,27.3535413,27.44805009,28.75125823,25.82915368,25.35991919,25.62922566,25.93238599,25.84053316,27.05650385,26.52658918,27.21103748,26.87358515,26.49432841,26.65105997,26.34994041,24.20823815,23.51684578,24.16073918,25.06972308,25.45714024,26.81881277,25.93716835,23.81094122,22.06237618,21.83289692,21.64641693,22.30656444,22.44218984,22.46044268,18.11123059,18.63085827,17.61287233,17.64041147,17.35666999,15.90519831,16.5930206,16.785703,,
"Iran, Islamic Rep.",,,,,,,,,,,,,,,,8.265513269,7.547810911,5.417790964,8.194078453,7.562058504,8.216323008,8.870858569,5.993374742,5.170284876,6.9790356,5.922931727,6.03398097,6.437096596,7.329809638,6.784250891,6.005338425,5.434552423,5.369750444,5.572236546,6.161890812,6.881180646,3.860245992,4.371236116,6.220798678,7.94631514,10.1579621,8.644376054,8.327823337,5.861282096,5.746903558,4.994377712,5.20132535,5.195323352,6.657593715,6.217681409,5.937687689,6.197809288,7.358478041,,,,,,,,,,,,,,,
Iraq,,,,,,,,,,,,,,,,,,,,,,,,,,,,,,,,,,,,,,,,,,,,,,,,,,,,,,,,,,0.914773293,1.321196149,2.077805236,2.687030207,1.984007163,1.344593618,,,,,
Iceland,,,,,,,,,,,,,,,,22.8181417,22.8736844,23.77127281,22.88233219,21.77024549,20.74879635,21.14889515,21.89795822,21.21163947,22.55161853,22.95069194,20.5732603,20.94470805,20.1044476,20.30388989,20.69383402,22.30586447,23.44165487,23.50750725,22.8569209,23.1609552,22.50635057,22.25478828,22.51334735,23.44783663,21.99690358,23.95522834,25.86039431,25.10557259,22.76406737,22.59271182,23.67708233,24.76632097,27.24299312,26.89713758,25.95849178,22.79777458,19.93353865,20.22643799,20.58217743,21.50330708,21.6567855,24.49195998,22.68944412,37.61284979,23.9232132,22.97836107,21.93201342,22.40161375,21.4357063,22.52622841,23.34138637,
Israel,,,,,,,,,,,,,,,,24.39670331,23.10424569,29.11613804,28.91050626,32.11887521,33.41163358,31.56965549,35.91372399,34.12710824,32.69649012,37.07957888,37.06209731,35.60040096,33.44311167,32.52238045,29.93671856,28.26845059,26.51093377,25.54028917,19.13996388,25.35999049,25.69998658,26.15329461,25.72647773,25.16482347,25.5649158,24.71227354,24.66144524,26.29370814,25.83327812,24.85004526,24.11858026,24.02971983,24.49302734,25.27769125,25.21444939,23.2083038,21.24636292,21.96367291,22.19457854,21.60460301,22.50192654,22.80496328,23.06290833,23.05384566,24.22776252,22.71927424,22.216156,22.03881221,24.56425674,25.00172254,22.13640603,
Italy,,,,,,,,,,,,,,,,,12.52174638,13.46713171,12.68458824,14.04102276,14.87515646,15.58605917,15.74356411,17.32831327,17.74344441,19.34370905,21.07975197,20.90764658,20.34920793,22.12539605,21.44291706,23.18696467,23.89260586,24.12213306,24.75147617,25.43917309,26.2145187,25.03629968,24.30700856,24.24720738,25.71127383,24.59253693,24.94213195,23.7479315,23.32520341,22.80220694,22.68694985,22.13878803,21.87898642,23.24292076,23.69177805,23.45790533,23.858808,23.73795594,23.69077803,24.91073389,25.1831183,24.96939397,24.83914743,25.08310523,24.69720429,24.24358642,24.66161453,24.84581098,24.87691501,24.6064132,24.83801651,
Jamaica,,,,,,,,,,,,,,,,,,,,,,,,,,,,,,,,23.47813362,24.4940968,23.48648503,23.08286448,23.4680682,21.3287135,21.10316755,21.74404001,20.10919957,19.91409421,20.85185729,21.89223451,22.49466254,21.41481302,21.85901019,24.07110007,24.16749731,23.21597284,24.01438994,24.78654643,24.68475662,24.9559702,24.27817173,23.3643683,24.33289303,24.0092922,24.05323043,24.81530926,26.02668425,26.22100376,26.78106657,27.45394175,25.7094657,,,,
Jordan,,,,,,,,,,,,,,,,,,,,,,,,,,,,,,,,,,18.00659158,17.94996619,22.97224684,20.91622902,19.99082,20.7086347,21.68967343,19.05572966,18.12346251,18.10878632,18.99811626,18.68048462,17.48160141,18.21793684,20.99550234,24.41516537,24.55486445,24.68985187,17.15221065,16.53035158,15.49909081,14.60823722,14.92128052,14.930515,15.43164403,14.95102562,15.02063044,14.70212424,14.72884805,14.81400157,15.98110204,17.11834633,17.4675168,17.04913019,
Japan,,,,,,,,,,,,,,,,,,,,,,,,,,,,,,,,,,,12.90406209,11.41718165,11.37923694,,,,,,,,,,,,,,,,,,,,,,,,,,,,,,,
Kazakhstan,,,,,,,,,,,,,,,,,,,,,,,,,,,,,,,,,,,,,,,,,6.787220587,7.294793896,7.745369934,10.22139507,9.642300653,12.13435978,13.08323765,13.90867797,,,,,,15.71238046,18.25783421,13.31209815,16.03017776,14.19343274,9.835711552,9.924250197,10.30301138,11.71779959,11.78694274,8.318809314,9.447111363,12.06169211,11.89247741,
Kenya,,,,,,,,,,,,,,,,,,,,,,,,,,,,,,,,,,,,,,,,,,,,,,,,,,,,,,,,,,15.18702127,14.83948265,14.96647273,15.05246413,14.36127892,15.10010935,14.29982263,13.55464432,14.59934963,13.99311977,
Kyrgyz Republic,,,,,,,,,,,,,,,,,,,,,,,,,,,,,,,,,,,,,,,,,,,,,,,,,,,,,,,,,,17.54865309,16.80166806,16.94917318,17.04628506,17.99885701,15.96383387,14.03632819,16.49126028,19.54197945,19.60846648,
Cambodia,,,,,,,,,,,,,,,,,,,,,,,,,,,,,,,,,,,,,,,,,,,,,,7.778541231,6.957652695,7.364681064,7.029501432,7.125010827,8.271641244,8.97517319,8.026520166,8.143934511,8.125935343,8.737433282,9.286384255,11.08378845,10.88849293,11.17487652,11.92783662,12.64107231,14.57064596,13.29020846,11.99276989,13.51873839,12.20354206,
Kiribati,,,,,,,,,,,,,,,,,,,,,,,,,,,,,,,,,,,,,,,,,,,,,,,,,,,,,,,16.34638814,16.8334056,16.55291802,15.9191032,19.73063788,21.52440286,18.4594645,17.9132803,22.29898559,21.52555566,21.84308064,20.25494698,17.71698444,
St. Kitts and Nevis,,,,,,,,,,,,,,,,,,,,,,,,,,,,,,,,,,14.3862939,14.58536258,14.52345626,15.19785435,15.24600655,,,,,,16.52834435,15.73033708,21.02503834,21.50396882,21.25475841,20.66181333,20.85004224,21.63213001,20.03660336,18.86893894,16.31176643,18.07517171,17.92183548,17.8401562,18.47317851,19.63513252,18.35411141,17.41267906,,,15.04238265,,,,
"Korea, Rep.",,,,,,,,,,,,,,,,11.15354875,10.47527726,11.57495256,13.21180621,14.46161075,14.13362998,14.55405593,14.74586681,14.66327335,14.65276687,14.6962815,14.80168214,13.89466773,13.49942187,13.23871835,13.45628269,13.37445811,12.83580757,13.41918126,12.53582238,12.73074085,12.4997898,12.68774158,12.99209499,13.23436506,12.90180217,12.62021875,12.79189031,14.26177808,13.54878842,13.24866679,13.69345757,12.96682783,13.31307044,13.72753521,14.8173827,14.49519999,13.65096445,13.43693029,13.85096763,14.0775915,13.63062344,13.24116166,13.15814434,13.98195298,14.49381853,15.53638373,15.19956653,14.86125767,16.73473394,18.44457967,15.72427913,
Kuwait,,,,,,,,,,,,,,,,37.43169399,37.2171311,32.67768247,,,4.615802221,7.597964496,2.178426333,2.699909503,3.73615037,3.444779017,3.23829933,3.128614104,1.938002524,2.095021769,1.267380316,1.229820571,1.175992911,1.545070847,0.255607395,0.08581481,1.092624066,1.422764285,1.146181245,0.965097411,1.173058751,1.492442927,,,,,,,,,,,,,,,,,,,,,,,,,,
Latin America & Caribbean (excluding high income),,,,,,,,,,,,,,,,,,,,,,,,,,,,,,,,,,,,,,,,,,,,,,,,,,,,,,12.67913022,13.12429556,12.79620162,12.87590242,12.84819963,13.40401221,13.42173993,13.13167837,13.18863877,13.20726295,12.94090525,13.66466787,13.8897317,13.86257583,
Lao PDR,,,,,,,,,,,,,,,,,,,,,,,,,,,,,,,,,,,,,,,,,,,,,,,,,,,,12.10294002,12.75716617,13.02713909,13.14641218,13.60534126,13.73883384,13.83018194,13.50614062,12.94311134,12.23932049,11.72064624,11.46555609,9.401877473,10.39102166,12.11293278,,
Lebanon,,,,,,,,,,,,,,,,,,,,,,,,,,,,,,,,,,,,,,,,,11.93272577,12.6332288,13.3726881,11.90122982,11.8780772,14.43059019,15.37671346,16.50864395,15.16810377,15.00828554,14.94411917,16.418394,16.85630601,16.84447669,16.37733291,15.19802662,14.06611445,14.10956588,13.46505128,13.52535689,15.35988176,15.32540546,15.40539053,8.901728325,5.684795546,,,
Liberia,,,,,,,,,,,,,,,,,,,,,,,,,,,,,,,,,,,,,,,,,,,,,,,,,,,,,,,,,,,,,,,,,,,,
Libya,,,,,,,,,,,,,,,,,,,,,,,,,,,,,,,,,,,,,,,,,,,,,,,,,,,,,,,,,,,,,,,,,,,,
St. Lucia,,,,,,,,,,,,,,,,,,,,,,,,,,,,,,,,,,,,,,,,,,,,17.05133145,16.48985075,16.66444444,16.16695424,17.21206531,17.63953053,17.63268523,18.26911895,18.68490273,19.13386957,18.21437083,18.0488001,17.15438827,18.16283791,18.11432667,18.71479707,19.14482852,18.22511657,,,,,,,
Latin America & Caribbean,,,,,,,,,,,,,,,,,,,,,,,,,,,,,,,,,,,,,,,,,,,,,,,,,,,,,,13.05534013,13.54510142,13.23383508,13.22195029,13.13953339,13.67372485,13.72802857,13.39707531,13.50019697,13.460252,13.11705912,13.95077073,14.33753549,14.12671671,
Least developed countries: UN classification,,,,,,,,,,,,,,,,,,,,,,,,,,,,,,,,,,,,,,,,,,,,,,,,,,,,,10.44358328,10.79650829,11.21021199,10.87153792,10.80129125,10.7324023,10.22966098,9.824253669,9.896582642,9.932544967,10.43433041,,,,,
Low income,,,,,,,,,,,,,,,,,,,,,,,,,,,,,,,,,,,,,,,,,,,,,,,,,,,,,,,,,,,10.50439601,10.53299691,,,,,,,,
Liechtenstein,,,,,,,,,,,,,,,,,,,,,,,,,,,,,,,,,,,,,,,,,,,,,,,,,,,,,,,,,,,,,,,,,,,,
Sri Lanka,,,,,,,,,,,,,,,,,,,,,,,,,,,,,,,,,,19.02083385,18.30479797,17.95345687,17.4699989,17.16797563,17.75201716,16.95069051,16.00769203,14.47642698,15.01207545,14.50276551,14.62550039,14.02036178,12.71067585,13.46596896,13.73252902,14.57725918,14.22160859,13.27733443,12.80032048,10.93186869,10.84760491,10.11103071,10.12125705,9.747859823,11.72026486,11.42348977,11.60868274,11.15376065,10.90395133,7.775292518,7.369928225,7.277231585,9.921890932,
Lower middle income,,,,,,,,,,,,,,,,,,,,,,,,,,,,,,,,,,,,,,,,,,,,,,10.39979777,10.63700404,11.11473881,11.53706567,12.67053808,13.22645686,12.72837664,11.55909917,11.72348795,11.70384347,11.9248855,11.8734562,11.35330405,11.62094242,11.72714305,11.82304187,12.29176048,,,,,,
Low & middle income,,,,,,,,,,,,,,,,,,,,,,,,,,,,,,,,,,,,,,,,,,,,,,,,,10.03834546,10.62884149,11.18458,11.63686602,11.29673215,11.73229193,11.95597338,11.84130224,11.76095523,11.40546551,11.41798738,11.29681011,11.37659072,11.27118191,10.86779925,10.61017943,10.77260478,10.25642816,10.5100092,
Lesotho,,,,,,,,,,,,,,,,,,,,,,,,,,28.98835475,34.95877761,38.69351651,35.58108988,31.6971536,31.91319159,30.64371313,34.1989954,,27.75657635,28.30152625,29.67252716,29.87079575,28.75049718,26.96189969,29.21247489,25.08054334,24.72221533,22.93955586,25.78220615,24.19416305,27.11488202,28.961325,28.57390073,33.91975434,39.31379775,38.25856816,39.9862447,30.29876043,30.21374793,38.08375699,35.90752719,36.32843272,33.77014571,29.28627044,33.00730986,31.81516946,32.54217096,35.99435655,31.87023141,30.44254868,,
Late-demographic dividend,,,,,,,,,,,,,,,,,,,,,,,,,,,,,,,,,,,,,,,,,,,,,,,,,10.89189608,11.32384636,11.87041108,12.02821588,11.57165803,11.89565505,12.03530709,11.82307488,11.55246918,11.35061923,10.83959189,10.54605479,10.77458912,10.71962971,10.3139266,9.772409945,10.04431633,9.953364955,9.904262657,
Lithuania,,,,,,,,,,,,,,,,,,,,,,,,,,,,,,,,,,,18.28524432,,12.49657514,13.11137796,19.68922513,18.80200422,21.54041832,22.08920232,22.11201606,20.25482082,19.36763716,19.1715741,19.03600583,19.26354665,19.74893138,20.5300348,20.35332704,20.46760197,16.99183757,16.24099886,15.666045,15.68461913,15.78117147,16.03350266,16.75772529,17.0998351,16.7642159,16.75246513,20.08894005,20.50301716,21.27444761,21.28207731,21.41843581,
Luxembourg,,,,,,,,,,,,,,,,16.66488402,17.19561755,17.65910341,20.66517166,20.33388906,22.81675496,23.67386782,21.88217876,22.33608677,22.7961717,22.9337644,25.45228423,24.89418137,24.86552497,24.16078827,24.36027848,23.56106866,22.59758011,22.87627833,21.60805633,22.18582235,23.75436634,25.02831298,24.47322707,24.69738708,25.24415233,25.60117694,25.10032846,25.4725969,24.98489419,24.78170287,24.63009613,24.04257319,25.33555545,23.9298412,24.38034549,23.55571077,23.83910852,23.81784044,23.98704785,24.42782715,24.55226696,24.74515711,23.32185937,23.76750967,24.51814705,26.88545413,26.88848343,25.68642319,26.00242918,26.68297034,27.21940444,
Latvia,,,,,,,,,,,,,,,,,,,,,,,,,,,,,,,,,,,,,,10.07223055,14.03294006,13.50917083,16.07733742,17.08936027,16.38733755,14.92928967,14.82444033,14.49706451,14.86619319,14.91736327,15.71127399,16.41184213,16.01570798,15.31409598,13.55255924,14.16175498,15.03494748,15.44659611,15.90284345,16.17406021,16.37392578,17.23172919,17.20614205,16.19951066,16.19985064,16.28185273,16.45373672,17.14966686,16.71324158,
"Macao SAR, China",,,,,,,,,,,,,,,,,,,,,,,,,,,,,,,,,,,,,,,,13.10324623,15.9467573,14.22167115,14.19246602,14.92285291,16.39758352,17.23481133,20.04767379,21.26856755,20.98034184,21.13448838,25.46243595,30.23591364,29.3068412,34.38843575,37.42427393,36.80275324,36.38810023,35.0873753,29.15024934,27.77528589,29.03705734,29.43651435,29.77826632,21.82738175,19.3081267,16.70167935,22.84221249,
St. Martin (French part),,,,,,,,,,,,,,,,,,,,,,,,,,,,,,,,,,,,,,,,,,,,,,,,,,,,,,,,,,,,,,,,,,,,
Morocco,,,,,,,,,,,,,,,,,,,,,,,,,,,,,,,,,,18.67672148,18.41541938,20.65142956,20.24770334,18.85493515,18.35120904,,19.40548746,17.23153531,17.88254779,,,17.11157403,16.85825073,17.11632532,18.99004931,19.40359092,21.73147478,24.06877109,21.54148401,21.08896409,21.45346087,21.96528411,20.62786901,20.35361775,19.43746509,19.86725776,20.12970123,20.28612138,19.91442794,20.02211205,19.66520564,22.10852292,20.97642683,
Monaco,,,,,,,,,,,,,,,,,,,,,,,,,,,,,,,,,,,,,,,,,,,,,,,,,,,,,,,,,,,,,,,,,,,,
Moldova,,,,,,,,,,,,,,,,,,,,,,,,,,,,,,,,,,,,,,,,12.08967623,18.2831061,18.08024084,15.05735397,14.72574961,12.17120031,12.88135437,14.67287013,16.35739261,18.48533942,19.57121151,20.56653565,20.44594895,17.68531332,15.16064072,15.24032722,15.59534634,15.469636,16.82879915,16.29096809,16.43011832,17.72739043,18.01408374,17.65629013,17.90989849,18.38811637,18.92100495,18.58502703,
Madagascar,,,,,,,,,,,,,,,,,,,,,,,,,,,,,,,,,,7.391907954,5.626451039,6.991043731,6.770597926,6.499532855,6.845865817,,,,,,,,8.597800286,9.372419868,8.690155518,9.201881621,9.848061325,11.39145084,8.344148961,8.535319118,8.710323638,8.368255543,8.785591773,8.441133382,8.945310373,9.244851873,10.02754473,10.28312868,10.53186462,9.520728725,10.38119675,9.240542681,9.614870959,
Maldives,,,,,,,,,,,,,,,,,,,,,,,2.495321273,5.115408609,6.891452233,12.21995927,12.63183714,9.261658031,9.99113868,10.28976937,12.2840691,13.57065658,,13.96231926,14.6140953,14.95898236,13.73453732,13.00458215,13.59638849,13.45217883,14.44550444,14.20024047,14.09157047,13.79611004,9.826307389,9.507925449,9.420701834,10.48943585,11.56937388,11.75644071,12.14744951,11.57888281,9.100667992,8.84762793,12.07813398,,,19.32300328,19.65015509,19.97582564,20.69157889,20.14493604,19.9413849,20.11218859,19.45324828,,,
"Middle East, North Africa, Afghanistan & Pakistan",,,,,,,,,,,,,,,,,,,,,,,,,,,,,,,,,,,,,,,,,,,,,,,,,,,,,,,,,,,,,,,,,,,,
Mexico,,,,,,,,,,,,,,,,7.610619469,7.091172214,8,9.181818182,9.044493071,9.951325041,10.7402653,11.34289439,11.4238505,10.54584204,11.21787245,12.99939446,12.6232738,12.31257863,11.86499888,12.74757437,11.41196198,12.13921122,11.84836466,11.59449261,11.60243534,8.567132484,8.096059185,8.031618306,8.314389304,8.592240647,7.70264914,8.185176467,9.132295413,,,,,,,,9.578771528,9.234604861,9.675317455,9.617072145,9.352411064,9.883610121,10.24285504,12.34597578,13.12378561,12.68743173,12.7121573,12.78774861,13.89751345,13.41126212,13.40840376,14.22934144,
Marshall Islands,,,,,,,,,,,,,,,,,,,,,,,,,,,,,,,,,,,,,,,,,,,,,,,,,,,,19.33249318,18.40196561,17.72191372,17.03810215,16.38623077,16.48763573,15.85675161,17.35771094,17.3583439,17.62183482,17.91818182,18.60089679,17.15550041,,,,
Middle income,,,,,,,,,,,,,,,,,,,,,,,,,,,,,,,,,,,,,,,,,,,,,,,,,10.04726279,10.6421819,11.20165962,11.64967808,11.32230479,11.75758243,11.9800912,11.86008372,11.77350752,11.41355549,11.42724007,11.30466091,11.3747714,11.26884907,10.8552862,10.60322291,10.75945936,10.23575949,10.48959367,
North Macedonia,,,,,,,,,,,,,,,,,,,,,,,,,,,,,,,,,,,,,,,,,,,,,,,,,18.42509865,18.08266169,19.07483022,18.52394611,17.12957827,16.8656928,16.999651,16.41665042,15.668958,16.23528371,16.81823312,16.95115782,17.16111359,17.57493632,17.08328108,16.12703466,17.39296314,17.68793831,17.86090327,
Mali,,,,,,,,,,,,,,,,,,,,,,,,,,,,,,,,,,,,,,,,,,,,10.78507803,10.58547675,11.1732839,12.76795381,10.49503213,10.37389164,10.38061201,10.34970305,9.497793272,10.54191199,10.44319015,10.51319476,10.85407206,10.94474178,10.72204034,11.85336199,12.89699297,13.33004229,9.780655442,12.23705355,11.9520025,,,,
Malta,,,,,,,,,,,,,,,,21.17118907,22.01439629,20.6659997,18.87472189,17.73263658,18.35483092,19.15855318,,19.69424242,19.23403601,18.51096646,17.86284418,16.84151879,17.67666555,17.18032161,16.55215345,17.59891218,17.8970137,18.21705651,18.4817232,18.96305679,19.43137281,18.1654043,20.34812824,18.21137249,20.05066377,18.33635562,20.51027299,21.02633411,22.17095889,23.14527508,23.34060753,23.54125088,25.3412025,25.83328806,26.88573609,25.66444681,25.8974683,25.13979087,25.41100721,25.29540887,25.14210333,25.57603462,24.32170534,26.24937861,26.00568002,25.42681987,25.10297467,22.47828736,22.42680113,22.6195096,21.86985099,
Myanmar,,,,,,,,,,,,,,,,,9.424797534,7.612796448,7.92264763,8.805191868,10.4564792,10.0094338,10.21141674,9.611748954,9.927705224,9.831022455,9.236698189,8.584435744,8.255193264,7.411736702,6.365541807,4.493526715,4.261787377,6.197784146,5.610206293,5.037396545,4.728010353,4.25171345,3.7444872,3.959317154,4.415239181,3.519309519,2.752748457,2.966507458,2.257140411,2.00104717,2.210411864,3.272456656,3.881778356,,,,,,,4.524093697,5.529567589,5.840928925,6.01128504,7.175859836,6.077742329,2.756971253,6.017652477,,,,,
"Middle East, North Africa, Afghanistan & Pakistan (excluding high income)",,,,,,,,,,,,,,,,,,,,,,,,,,,,,,,,,,,,,,,,,,,,,,,,,,,,,,,,,,,,,,,,,,,,
Montenegro,,,,,,,,,,,,,,,,,,,,,,,,,,,,,,,,,,,,,,,,,,,,,,,,,,,,,,,,,,,,,,,,,,,,
Mongolia,,,,,,,,,,,,,,,,,,,,,,,,,,,,,,,,,,,,11.08136574,17.51732902,11.32416493,9.773956356,9.602347816,10.57243315,8.358672087,9.805817878,13.9101607,14.66205919,13.36924022,18.03874557,,,28.70997468,23.47917648,21.65181536,16.5402944,19.59311925,18.46699109,15.31214218,15.73120804,12.90163424,11.89413792,11.35099345,13.54690845,16.68852831,16.85052092,14.14578723,16.90884952,,,
Northern Mariana Islands,,,,,,,,,,,,,,,,,,,,,,,,,,,,,,,,,,,,,,,,,,,,,,,,,,,,,,,,,,,,,,,,,,,,
Mozambique,,,,,,,,,,,,,,,,,,,,,,,,,,,,,,,,,,,,,,,,,,,,,,,,,,,,,,14.34661003,16.79952951,18.62877783,21.54065214,23.96538388,20.00648452,20.07676221,22.11208495,21.19263684,26.68286006,21.52670294,22.74775571,22.66159088,22.32425988,22.17292258
Mauritania,,,,,,,,,,,,,,,,,,,,,,,,,,,,,,,,,,,,,,,,,,,,,,,,,,,,,,,,,,,,,,,,,,,,
Mauritius,,,,,,,,,,,,,,,,,14.22578078,11.51171515,16.26452848,19.85385862,19.45325714,17.49376819,16.28208486,18.16975589,17.40789435,16.43879394,18.83671931,19.25811578,17.7713157,17.5419851,17.5760856,19.01016063,19.82622308,19.38579253,20.02383809,18.89587291,17.86015622,18.03863219,15.9001352,14.61619281,15.78100715,15.78088623,16.52614638,16.72843033,14.93965193,14.80718303,15.88149715,16.02451103,17.02713167,16.02867142,15.10546176,16.96721946,18.07301307,18.01671337,18.00451841,18.62170749,18.12260374,18.08385642,8.758005968,17.60779165,17.93264409,18.40604811,19.40743808,20.70623346,18.26439463,19.08032776,20.54927963,20.51223468
Malawi,,,,,,,,,,,,,,,,,,,,,,,,,,,,,,,,,,,,,,,,,,,,,,,,,,,,,9.940184267,10.56346502,10.61770698,9.315715142,9.708743562,10.94910926,10.53658178,10.63896316,12.18430178,12.17565789,11.97521267,12.13056274,11.58775288,13.50385739,,
Malaysia,,,,,,,,,,,,,,,,,,,,,,,,,,,,,,,,,,,,,,,,19.37792632,19.75336681,16.7301575,14.09370802,13.6669089,17.79488881,17.44695509,15.49565512,15.19909376,14.82639106,14.51619698,14.30372284,14.66295826,14.94050153,13.33219531,14.79435317,15.61314674,15.31023528,14.84079071,14.05686213,13.55072517,12.94596624,12.02266586,11.93634883,10.88467121,11.21607484,11.63747386,12.57251859,
North America,,,,,,,,,,,,,,,,11.8199373,11.49521249,11.83762036,11.1858005,10.74883688,11.61864632,11.54235905,12.00380766,12.13835265,12.55050996,11.97862664,10.34826823,10.15971565,10.38424016,10.16304589,10.94884573,10.59594327,10.78244038,10.77664324,10.66845496,10.35339376,10.59072711,10.83269757,11.17787581,11.58774922,12.06209404,12.52949178,12.46829832,13.1318982,12.05610289,10.16765849,9.718392118,9.86252661,10.90523075,11.48445621,11.46446863,10.45667422,8.279252298,8.833833484,9.732308041,9.926178171,10.55954333,10.97732481,11.28587715,10.99470892,11.5984961,10.19661222,10.12870453,10.44073242,11.616798,12.69602471,10.93994339,
Namibia,,,,,,,,,,,,,,,,,,,,,,,,,,,,,,,,,,23.01056488,26.95733053,25.10570472,26.13034546,24.08861489,25.01869455,23.98662948,26.66870601,25.69348773,27.91512801,27.42850904,26.30946285,26.06199667,23.19476922,24.27282174,25.72900988,29.07216661,30.5252906,29.70119352,29.07230526,25.54231598,29.55059042,32.93275144,32.98071934,34.6286881,33.42238687,29.67346384,31.30769663,28.93171391,30.39309519,31.20591107,28.06398659,27.16683985,32.9629021,
New Caledonia,,,,,,,,,,,,,,,,,,,,,,,,,,,,,,,,,,,,,,,,,,,,,,,,,,,,,,,,,,,,,,,,,,,,
Niger,,,,,,,,,,,,,,,,,,,,9.421033141,9.154545384,9.496598531,10.90978353,11.7645286,,,,,,,,,,,,,,,,,,,,,,,,,,,,,,,,,,,,,,,,,,,,
Nigeria,,,,,,,,,,,,,,,,,,,,,,,,,,,,,,,,,,,,,,,,,,,,,,,,,,,,,,,,,,,,,,,,,,,,
Nicaragua,,,,,,,,,,,,,,,,,,,,,,,,,,,,,,,,,,26.26583735,18.23936737,19.84950915,18.98088283,8.993665941,9.402734402,9.494441288,10.58909176,11.03648306,10.71894637,10.64687011,9.802508066,10.39549911,11.7208159,12.18817918,12.89980348,13.68420847,13.86208708,13.20167605,13.13766095,13.67836655,14.51970305,15.00914108,15.02043496,15.31626025,15.58957524,16.16645581,16.57378932,15.6994321,17.4217765,17.01091407,18.82079238,19.86063944,19.94241792,
Netherlands,,,,,,,,,,,,,,,,,22.42761867,21.18509234,22.30388808,22.27156631,23.36054891,23.15563898,23.08604718,23.04089883,21.87192919,21.65405932,20.75554054,20.12810343,20.31235652,21.22740591,22.50212329,22.57585646,21.86121575,23.25199778,24.45512579,23.601775,24.28033177,21.81465129,20.83949435,21.4375905,20.90299194,20.67956813,21.18611996,20.92943026,21.00836334,21.0800933,20.08405499,20.35543566,20.88779691,21.10175608,21.25005018,21.70431706,20.8039697,20.80146558,20.66437708,20.32231797,20.55976333,21.53937288,21.79611685,22.34790155,23.06139219,22.9523939,23.57577489,23.9228232,24.3086759,23.89879455,24.84088127,
Norway,,,,,,,,,,,,,,,,22.95167975,20.68992057,20.46229859,20.3859202,21.53182507,22.08057275,21.81953118,22.23869891,25.11381524,26.25029793,25.31305262,24.5587192,24.53236615,25.65460294,25.62122795,23.62815299,22.15427566,20.47765002,21.30448176,21.57610491,20.73649632,20.7364733,21.74285198,23.00490688,23.93682586,23.89191652,23.95695391,24.25424193,26.67195447,26.03931301,27.1341212,25.86954581,27.31696869,28.20373383,28.79829887,28.08021781,27.7643981,25.84735411,26.74376696,27.5519417,26.87254323,25.01013644,23.41203172,22.08854882,21.96037593,22.29004036,23.31360593,23.2830044,21.25318677,25.50551801,31.34459755,27.05267155,
Nepal,,,,,,,,,,,,,,,,,,,,,,,,,,,,,,,,,,6.996692968,6.620301936,6.483344072,6.654637356,7.729134048,8.985513859,8.719914187,8.723659866,8.639332547,8.422505233,8.735981111,8.802574747,8.560583141,8.651811853,8.9749585,9.179453421,8.77975841,9.772473404,10.44008641,11.84403686,13.39611544,11.62467775,12.04080455,13.29788586,13.99491049,14.68630457,16.14374976,17.99936212,19.08282606,19.80906024,15.77364973,17.48530328,,,
Nauru,,,,,,,,,,,,,,,,,,,,,,,,,,,,,,,,,,,,,,,,,,,,,,,,,,,,,,,,,,20.10882596,17.07507273,25.31272588,22.65238158,28.85657538,34.22777009,44.40226509,,,,
New Zealand,,,,,,,,,,,,,,,,24.46646341,26.05151614,28.35806133,27.9768177,27.55657405,29.60429585,28.21206994,29.15539235,29.32408868,30.05319149,30.50816806,28.30571251,28.65860955,29.69387967,30.18307939,33.24645858,32.70028658,,,,,,,,,,,,,28.55763254,28.20805365,29.24813843,29.25793128,30.31290683,31.98588405,30.10987127,31.45316344,29.61479378,26.08635998,25.63774558,26.85610253,26.70130344,26.82641808,27.39326757,27.24804618,27.30737243,27.46413207,28.14868999,27.33418467,29.02193188,29.60076199,,
OECD members,,,,,,,,,,,,,,,,13.78458225,13.48398506,13.97063444,13.78548706,13.93029502,14.3899828,14.31626967,14.49909778,14.85800972,15.2104814,15.13407458,14.48100322,14.31019016,14.52838318,14.54710926,14.89597682,14.6568513,14.60968812,14.51703765,14.46573804,14.13330251,14.02420038,14.60963459,15.06406926,15.37921644,15.84141309,16.1130493,16.27618753,16.70557311,16.33378865,15.18826405,14.87366654,14.93820066,15.60472076,16.0478351,16.1595062,15.41066278,13.89029842,14.2987673,14.79851135,14.97282085,15.42010857,15.61175905,15.77949809,15.70968943,16.04792815,15.50538519,15.45108296,15.43827589,16.33405875,16.95082779,15.42596949,
Oman,,,,,,,,,,,,,,,,,,,,,,,,,,,,,,,,,,,,,,,,,,,,,,,,,,,,,,,,,,,,,,,,,,,,
Other small states,,,,,,,,,,,,,,,,,,,,,,,,,,,,,,,,,,,18.48113997,17.36227397,18.43902818,19.76817425,19.86086625,19.19519943,19.20468962,19.67289125,20.3821121,20.19089056,19.43378147,19.58121813,20.13888241,20.59037009,21.46699544,22.17484406,22.74980229,21.92086907,21.06661795,22.5526418,23.28046847,24.95465608,23.30641363,23.49331605,21.1565576,24.13433676,22.09615974,22.07453183,21.78583049,21.2281229,21.27344482,21.68527725,22.37279534,
Pakistan,,,,,,,,,,,,,,,,,,,,,,,,,,,,,,,,,,,,,,,,,,,,,,,,,,,,,,,,,,,,,,,,,,,,
Panama,,,,,,,,,,,,,,,,,,,,,,,,,,,,,,,,,,,,,,,,,,,,,,,,,,,,,,,,,,9.959648751,9.798019616,10.05573852,9.665744695,9.590967813,8.648377915,8.049989517,7.460605702,,,
Peru,,,,,,,,,,,,,,,,12.65359002,10.81125344,11.00086063,11.55773155,11.22907434,11.6716743,12.4930216,13.80688285,17.96171377,15.11632987,14.79299342,11.89773092,13.04040973,14.96299404,13.38210985,9.974415853,9.663582676,7.921659024,10.72389521,11.02794427,11.98305238,12.16542206,12.97214417,13.68475757,14.19981417,14.39876053,14.23480496,12.9941893,12.6086475,12.89710563,12.48714263,13.41152116,13.66336894,14.10474219,15.6699876,16.40746835,16.51217092,14.45652681,15.46657176,15.96889515,16.5466871,16.43300669,16.72092668,14.91965132,13.78754764,13.17434165,14.28637131,14.52540406,13.22109096,15.92433952,,,
Philippines,,,,,,,,,,,,,,,,,,,,,,,,,,,,,,,,,,12.35461036,12.80958835,13.53887306,13.68088118,14.03788872,14.26625524,14.82664166,14.86149493,13.67546376,12.89543709,12.44032476,12.26550865,11.66813069,11.66643259,11.36440439,11.92422406,13.12730144,12.9604093,13.03351369,11.69893557,11.63527559,11.84900078,12.30592712,12.74382206,13.01551718,13.01961059,13.08710069,13.59379375,14.04753328,14.48847302,13.95098571,14.13000393,14.61900582,14.10443514,
Palau,,,,,,,,,,,,,,,,,,,,,,,,,,,,,,,,,,,,,,,,,,,,,,,,,,,,16.35676889,15.42082338,16.59811671,17.45090808,18.06918025,18.39007801,19.33733336,20.28290742,19.81538164,19.92910924,20.95422088,18.36675077,18.08095114,,,,
Papua New Guinea,,,,,,,,,,,,,,,,,,,,,,,,,,,,,,,,,,20.07346726,17.73352563,18.28415818,19.86439564,20.59600745,19.72715386,22.46318454,23.7232047,20.48029115,21.78816746,18.975965,24.6964497,21.01324696,,,,,,,,,,,,17.90996215,15.22728706,12.94862858,12.60500176,13.19302875,13.02195587,11.87919551,12.14842321,14.77049521,15.93479892,
Poland,,,,,,,,,,,,,,,,,,,,,,,,,,,,,,,,,,,,,,22.78268073,22.28384351,21.57239464,20.83480344,20.08417928,17.99297995,16.88894979,15.97914186,16.78813393,16.66527451,15.61857556,16.42798248,17.09206941,18.05730476,18.1987401,16.00966529,16.53702355,16.66968256,16.00525692,15.67425911,15.62719823,15.61359532,16.20902913,16.73557568,17.18482185,17.14075929,17.29114409,18.95906772,17.12253092,17.9988487,
Pre-demographic dividend,,,,,,,,,,,,,,,,,,,,,,,,,,,,,,,,,,,,,,,,,,,,,,,,,,,,,,,,,,,,,,,,,,,,
Puerto Rico (US),,,,,,,,,,,,,,,,,,,,,,,,,,,,,,,,,,,,,,,,,,,,,,,,,,,,,,,,,,,,,,,,,,,,
"Korea, Dem. People's Rep.",,,,,,,,,,,,,,,,,,,,,,,,,,,,,,,,,,,,,,,,,,,,,,,,,,,,,,,,,,,,,,,,,,,,
Portugal,,,,,,,,,,,,,,,,,11.48633848,11.77968912,12.31415017,13.84378894,14.11276532,13.45697383,13.76768835,15.18085124,16.09136272,16.59471789,18.33797402,18.01063441,17.61591829,17.55125423,15.57442685,16.98673207,17.73912161,17.66850202,18.29113824,20.02626303,18.58661807,19.35373811,19.69493002,20.51675843,20.26430124,20.38186699,20.94466119,20.88008868,20.52060921,20.83930875,19.89516338,20.00007186,20.59840241,21.13432087,21.36822274,21.07594131,19.09309616,19.87146128,21.35958143,21.0111817,22.87369477,22.87467958,23.07846692,22.61703863,22.63640611,22.84457305,22.44725701,22.25958309,22.28329322,23.17293192,22.82392547,
Paraguay,,,,,,,,,,,,,,,,,,,,,,,,,,,,,,,,,,,,,,,,,,,,,,,,,8.264764504,8.350504183,7.837877891,8.0940723,8.327582817,8.871213476,9.366835103,9.457778351,8.929362568,9.74517638,9.642274697,9.559063337,9.956474414,10.07505858,9.995756075,9.514999286,9.794253598,10.26613639,10.13827499,
West Bank and Gaza,,,,,,,,,,,,,,,,,,,,,,,,,,,,,,,,,,,,,,,,,,,,,,,,,,,,,,,,,,,,,,,,,,,,
Pacific island small states,,,,,,,,,,,,,,,,,,,,,,,,,,,,,,,,,,,,,,,,,,,,,,,,,,,,,,,21.06943681,21.26575687,21.67976904,22.13507174,22.28777306,21.70885149,22.55588393,23.22732609,22.16579869,18.46442647,18.12984902,19.58681177,21.02154435,
Post-demographic dividend,,,,,,,,,,,,,,,,13.85833889,13.52693176,14.00752724,13.72452636,13.81571718,14.27022069,14.18085286,14.3756706,14.76612882,15.15207462,15.01922696,14.28744925,14.18577754,14.43786523,14.4481032,14.81124183,14.65207612,14.62071762,14.5422536,14.50735243,14.11456923,14.07833661,14.58475955,15.08538691,15.38733313,15.80354204,16.25183914,16.40215709,16.85188179,16.20995783,15.02776451,14.75344239,14.79186732,15.45875763,15.88758142,15.99952017,15.43683157,13.84851272,14.23215001,14.7574091,14.98652325,15.44154862,15.63349659,15.76988006,15.66316647,16.05244527,15.47428719,15.43570932,15.37278937,16.27971423,16.97063701,15.27654626,
French Polynesia,,,,,,,,,,,,,,,,,,,,,,,,,,,,,,,,,,,,,,,,,,,,,,,,,,,,,,,,,,,,,,,,,,,,
Qatar,,,,,,,,,,,,,,,,,,,,,,,,,,,,,,,,,,,,,,,,,,,,,,,,,,,,,,,,,,,,,,,,,,,,
Romania,,,,,,,,,,,,,,,,,,,,,,,,,4.388327722,4.074786912,4.024977234,4.052199485,4.201834862,4.46458383,4.463377115,4.526254376,5.1175,23.05630027,22.52189301,22.41292377,19.66235439,17.78714284,17.40204452,16.10773027,17.03601162,17.73603872,17.05661897,17.96270948,16.63341608,16.48910006,17.77476375,17.42126616,17.46805693,17.94705723,17.53952573,16.78544449,15.27210523,16.2393387,17.21537374,17.15870536,17.76058604,17.93906459,18.91817625,17.11183625,15.58664739,14.37433642,14.5223191,14.14650719,14.92374137,16.15756594,,
Russian Federation,,,,,,,,,,,,,,,,,,,,,,,,,,,,,,,,,,,,,,,,,,,11.24287265,13.72553445,15.7786996,13.63496607,13.3140302,13.23402539,16.62290968,16.56821576,16.55131306,15.81806782,12.95635241,13.04834885,13.95420368,13.75467304,12.93349245,13.2553613,10.64209481,9.1831221,10.28840567,11.4687676,10.93839974,10.79911962,11.69663121,10.84786915,12.07280139,
Rwanda,,,,,,,,,,,,,,,,,8.631147895,10.18131049,7.521318803,9.906255355,10.90185737,9.71992482,11.70219398,10.46763593,,,,,,,,,10.82692927,8.78380627,9.260063961,9.048258736,,,,,,,,,,,,,,,,,,,,,,12.94762927,13.29389488,14.4161495,13.45137139,14.24971091,14.60535731,15.0744688,14.46370979,13.6800512,13.50806955,
South Asia,,,,,,,,,,,,,,,,,,8.181120885,9.024502908,9.181837991,8.597094206,9.30227453,9.677139299,9.019597414,9.209845718,9.270903141,9.271760753,9.304978386,10.07235644,10.424186,10.41141539,10.35844578,10.46392083,10.28487438,10.42531366,10.06415762,8.840152804,9.264363055,9.53350945,9.50697791,9.262077855,8.355849996,8.871037973,9.021051642,8.187225667,8.693628977,9.051146842,9.490942898,9.957285115,10.89182654,11.73622826,10.78089408,9.742140119,10.23154913,10.09942533,10.68229955,10.8345865,9.925036474,10.49801279,10.91472304,11.12473726,11.73282692,,,,6.754084063,,
Saudi Arabia,,,,,,,,,,,,,,,,,,,,,,,,,,,,,,,,,,,,,,,,,,,,,,,,,,,,,,2.529612102,2.299686814,2.484586154,2.651854233,2.662929768,3.146170602,3.171892013,3.144284072,7.918533798,6.601591339,7.876200646,8.605345834,6.953445922,7.804403937,
Sudan,,,,,,,,,,,,,,,,,,,,,,,,,,,,,,,,,,,,,,,,,,619.7163282,638.6617224,,,,,,,,,,6.469484382,5.862474675,3.856210161,6.894406995,7.684016394,7.982317862,8.194438005,7.390270262,,,,,,,,
Senegal,,,,,,,,,,,,,,,,,,,,,,,,,,,,,,,,,,,,,,,,,,,,,,,,,,,,,,,,,,,15.77433605,16.37117645,15.90645166,16.37825247,18.41928364,17.4488279,17.55013297,18.5924842,19.537079,
Singapore,,,,,,,,,,,,,,,,14.55018489,14.78510139,15.06460714,16.57112472,15.99637416,16.72455544,15.93464722,16.03977068,16.99291833,17.88020559,18.91634198,18.76083872,17.66338209,15.66216706,12.73576946,13.07807989,14.07201262,15.68787362,14.54626959,15.1815316,16.1033535,16.29033395,16.61315228,15.76850365,15.89736716,15.31234109,14.03102564,14.53171741,14.85578908,14.58551915,12.68873934,12.44607416,11.60451158,11.5770274,11.83102218,12.8204282,13.75439145,12.95492653,12.78582397,13.10572195,13.58066874,13.27125008,13.55655713,13.13977453,13.28399811,13.97314352,13.0051769,13.17736117,12.74330479,12.74012115,11.78394911,13.89487356,
Solomon Islands,,,,,,,,,,,,,,,,,,,,,,,,,,,,,,,,,,,,,,,,,,,,,,,,,,,,,,,25.15859663,26.17666721,26.60625702,25.59567494,25.73914196,23.84309269,24.76506783,25.52760652,22.23214599,21.05153287,21.44865775,20.6697405,,
Sierra Leone,,,,,,,,,,,,,,,,,,,,,,,,,,,,,,,,,,,,,,,,,,,,,,,,,,,,,,,,,,,,,,,,,,,,
El Salvador,,,,,,,,,,,,,,,,,,,,,,,,,,,,,,,,,,,,,,,,,,9.879789825,10.43175691,10.6054957,13.30670083,12.09947074,12.67829709,12.65445486,14.5108178,15.67010773,16.74489691,17.06020329,14.97703052,15.81208071,15.34403351,16.18243583,17.05473522,16.7087952,16.75268491,17.35477562,17.75375106,18.12892354,18.08145041,18.39077508,19.68967543,21.16245562,20.70523783,21.49698459
San Marino,,,,,,,,,,,,,,,,,,,,,,,,,,,,,,,,,,,,,,,,,,,,,,18.0982586,16.90549549,15.92509838,16.93509389,17.22250106,17.63826308,17.67091532,16.93910919,15.59202295,16.15303556,18.01625741,17.06623964,18.34558313,17.89022288,16.68951936,16.468847,17.95681677,16.91273433,16.13626113,17.29597316,17.81140693,,
"Somalia, Fed. Rep.",,,,,,,,,,,,,,,,,,,,,,,,,,,,,,,,,,,,,,,,,,,,,,,,,,,,,,,,,,,,,8.10E-05,9.51E-05,7.99E-05,6.28E-05,6.59E-05,6.64E-05,7.58E-05,
Serbia,,,,,,,,,,,,,,,,,,,,,,,,,,,,,,,,,,,,,,,,,,,,,,,,,,,20.48727479,20.35747308,19.24089066,19.4313895,18.3137738,17.81456033,19.98740091,21.05217409,21.46665374,22.44446425,23.12895636,22.63845372,23.0002958,22.43023449,19.66099612,23.89740663,,
Sub-Saharan Africa (excluding high income),,,,,,,,,,,,,,,,,,,,,,,,,,,,,,,,,,,,,,,,,,,,,,,,,,,,,,,,,,,,,,,,,,,,
South Sudan,,,,,,,,,,,,,,,,,,,,,,,,,,,,,,,,,,,,,,,,,,,,,,,,,,,,,,,,,,,,,,,,,,,,
Sub-Saharan Africa,,,,,,,,,,,,,,,,,,,,,,,,,,,,,,,,,,,,,,,,,,,,,,,,,,,,,,,,,,,,,,,,,,,,
Small states,,,,,,,,,,,,,,,,,,,,,,,,,,,,,,,,,,,,,,,,,,,,,19.08265404,18.86323023,19.60922976,20.15414555,21.55216697,22.79852776,22.37994379,22.49928119,21.35069295,22.09890251,22.70726274,23.55556268,22.31277242,22.64192902,21.23804915,22.77951337,20.92623104,21.20716965,20.54543568,,,,,
Sao Tome and Principe,,,,,,,,,,,,,,,,,,,,,,,,,,,,,,,,,,,,,,,,,,,,,,,,,,,,,,,,,,,,,,,,,,,,
Suriname,,,,,,,,,,,,,,,,,,,,,,,,,,,,,,,,,,,,,,,,,,,,,,,,,,,,,,,,,,,,,,,,,,,,
Slovak Republic,,,,,,,,,,,,,,,,,,,,,,,,,,,,,,,,,,,,,,,,,,,,,,,,,,,,,,,,,,,,,,,,,,,,
Slovenia,,,,,,,,,,,,,,,,,,,,,,,,,,,,,,,,,,,,16.4630275,17.29119723,18.85421114,21.47437338,22.23044928,21.80962573,22.478096,23.10410944,22.39305421,22.37007132,23.05353112,23.27357624,23.23088379,23.668804,23.46902836,23.09114982,22.31805667,21.52527457,22.01801581,21.69547004,21.7020526,21.89588951,22.03401927,22.12242197,22.16347849,21.90545992,22.03308292,21.69926174,20.48855061,21.61276072,21.0207425,20.34648304,
Sweden,,,,,,,,,,,,,,,,19.05895923,17.61326162,17.09620141,16.50460111,19.39322799,19.99942426,18.3386953,16.82856418,16.32651162,16.73599668,16.39413457,16.85950493,17.71633124,20.22243419,19.1743284,21.60120497,21.70362107,21.31825151,21.65113727,19.69547625,17.16655429,15.46899706,14.8430691,26.75771981,27.29170466,27.50399521,29.66174378,30.27043363,29.85100403,27.88091979,26.71068789,26.9156663,27.2939587,28.59534269,28.59836395,28.57698819,27.63687137,27.37294425,27.56963124,26.79857538,26.43508733,26.59050185,26.7091995,27.32104605,28.19905913,28.3863059,28.11887167,27.50079816,26.82224459,27.39864546,27.60475284,,
Eswatini,,,,,,,,,,,,,,,,,,,,,,,,,,,,,,,,,,,,,,,,,,,25.05604433,18.13326886,17.73853785,17.06984453,18.16116918,22.23615729,22.02440977,30.9762746,27.28028647,29.81227641,25.27335422,16.00052763,16.30702667,28.23337865,,29.75961945,27.42139312,23.89799137,26.33608122,24.32431001,24.52763245,27.18235353,24.45638018,,,
Sint Maarten (Dutch part),,,,,,,,,,,,,,,,,,,,,,,,,,,,,,,,,,,,,,,,,,,,,,,,,,,,,,,,,,,,,,,,,,,,
Seychelles,,,,,,,,,,,,,,,,,,,,,,,,,,,,,28.81482739,30.03705622,32.76338157,33.83033566,34.57495144,,,,33.23397715,30.04512463,25.97365577,25.31820967,25.3436767,24.84666513,25.58161318,24.51278138,,,,,25.6585989,23.20791243,22.30720959,22.08470166,,,,,,,,,,,,,,,,
Syrian Arab Republic,,,,,,,,,,,,,,,,,,,,,,,,,,,,,,,,,,,,,,,,,,,,,,,,,,,,,,,,,,,,,,,,,,,,
Turks and Caicos Islands,,,,,,,,,,,,,,,,,,,,,,,,,,,,,,,,,,,,,,,,,,,,,,,,,,,,,,,,,,,,,,,,,,,,
Chad,,,,,,,,,,,,,,,,,,,,,,,,,,,,,,,,,,,,,,,,,,,,,,,,,,,,,,,,,,,,,,,,,,,,
East Asia & Pacific (IDA & IBRD countries),,,,,,,,,,,,,,,,,,,,,,,,,,,,,,,,,,,,,,,,,,,,,,,,,8.950835909,9.442256779,10.04335794,10.55770892,10.49441574,10.36945031,10.57087567,10.49153923,10.24332576,9.997544292,9.703061012,9.438398705,9.688904655,9.350015719,8.861988187,8.445150101,8.342947239,8.120033968,8.241451012,
Europe & Central Asia (IDA & IBRD countries),,,,,,,,,,,,,,,,,,,,,,,,,,,,,,,,,,,,,,,,,,,13.10356127,14.62210519,15.41703869,14.469329,14.51656973,14.35820431,,,17.3519051,17.09858723,15.29785352,15.54575197,16.03009721,15.54645881,15.40568896,15.38515228,14.33387716,13.71118028,13.99646142,14.51030863,14.08039809,14.10523736,14.78735487,13.97893268,15.01797381,
Togo,,,,,,,,,,,,,,,,,,,,,,,,,,,,,,,,,,,,,,,,,,,,,,,,9.309128805,9.118923256,9.832824826,10.88351843,10.34190563,10.31621212,10.50778741,11.40523223,11.36165572,12.1000696,13.16639275,13.76871095,13.86737441,13.0586635,12.85943483,13.58354422,12.86660525,14.20244964,14.18756208,14.7594069,
Thailand,,,,,,,,,,,,,,,,11.04115235,10.17334549,12.58381061,11.193868,10.7838382,11.60892172,11.66140898,12.37412805,13.14314967,13.47697636,12.64055577,14.13958244,14.10679378,13.6878369,13.61614666,13.64999061,14.80673226,15.58057288,16.90732301,17.41350398,15.59178399,15.39927671,16.03568902,16.44093082,16.72621763,16.10547926,13.78816744,12.8892156,12.9767329,13.07021832,13.47031276,14.4815688,14.85333091,16.06186027,15.63699271,15.14315656,15.3848864,14.19423084,14.93264755,16.36183479,15.44093567,17.73605447,16.49878428,16.85085155,16.10003515,15.51872716,15.69815813,15.39794822,15.19315216,15.06325717,15.1390496,15.42307384,
Tajikistan,,,,,,,,,,,,,,,,,,,,,,,,,,,,,,,,,,,,,,,,,,7.689066615,8.209442379,7.703083898,8.201926827,,9.702188432,9.821023787,,,,,,,,,,,,,,,,,10.34598055,10.34427934,10.75215606,
Turkmenistan,,,,,,,,,,,,,,,,,,,,,,,,,,,,,,,,,,,,,,,,,,,,,,,,,,,,,,,,,,,,,,,,,,,,
Latin America & the Caribbean (IDA & IBRD countries),,,,,,,,,,,,,,,,,,,,,,,,,,,,,,,,,,,,,,,,,,,,,,,,,,,,,,13.06018575,13.54623004,13.23635923,13.22495707,13.14333832,13.67572184,13.72719162,13.39420035,13.49850462,13.45385048,13.10710521,13.95193867,14.33492952,14.12210045,
Timor-Leste,,,,,,,,,,,,,,,,,,,,,,,,,,,,,,,,,,,,,,,,,,,,,,,,,,,,,,110.172588,135.4844505,147.6401955,93.8650341,62.79066644,36.16611465,15.08794971,20.22852259,25.25021922,22.81339089,12.64271148,15.08809851,21.64317779,,
"Middle East, North Africa, Afghanistan & Pakistan (IDA & IBRD)",,,,,,,,,,,,,,,,,,,,,,,,,,,,,,,,,,,,,,,,,,,,,,,,,,,,,,,,,,,,,,,,,,,,
Tonga,,,,,,,,,,,,,,,,,,,,,,,,,,,,,,,,,,,,,,,,,,,,,,,,,,,,,,,,,16.93247394,17.10459388,18.67925694,20.25651882,20.81517971,21.90960628,21.64631396,20.78624428,20.73816186,21.91086174,23.76696583,
South Asia (IDA & IBRD),,,,,,,,,,,,,,,,,,8.181120885,9.024502908,9.181837991,8.597094206,9.30227453,9.677139299,9.019597414,9.209845718,9.270903141,9.271760753,9.304978386,10.07235644,10.424186,10.41141539,10.35844578,10.46392083,10.28487438,10.42531366,10.06415762,8.840152804,9.264363055,9.53350945,9.50697791,9.262077855,8.355849996,8.871037973,9.021051642,8.187225667,8.693628977,9.051146842,9.490942898,9.957285115,10.89182654,11.73622826,10.78089408,9.742140119,10.23154913,10.09942533,10.68229955,10.8345865,9.925036474,10.49801279,10.91472304,11.12473726,11.73282692,,,,6.754084063,,
Sub-Saharan Africa (IDA & IBRD countries),,,,,,,,,,,,,,,,,,,,,,,,,,,,,,,,,,,,,,,,,,,,,,,,,,,,,,,,,,,,,,,,,,,,
Trinidad and Tobago,,,,,,,,,,,,,,,,,,,,29.58870323,32.62133602,28.74988203,29.18213284,35.6508085,34.844169,,,,,,,,,,,,,,,,,,,,22.12128594,20.45549831,21.30154983,22.02505646,26.3787008,30.25758765,25.99529034,29.48840531,26.82740606,26.24401846,25.6437422,24.96117334,24.26108732,25.03223582,24.71003353,21.39690324,18.39023967,19.87296586,16.67849596,,,,,
Tunisia,,,,,,,,,,,,,,,,17.78922717,18.95248849,17.86406512,20.22510624,19.94826694,21.26921849,22.61765772,21.79671458,20.9913854,21.63863527,22.78120057,23.06769464,22.97891585,21.99962954,22.5168985,20.56177118,20.50088908,20.1514093,19.95340107,20.38441075,20.49935064,21.00797927,20.76414271,20.48581381,19.83761925,18.44103315,19.18316383,19.13116645,19.29236853,19.59749767,19.54062466,18.74526478,18.67219383,18.87750472,18.51071549,19.06787394,20.49980823,20.04816181,19.19975083,20.17485594,20.11548772,,,,,,,,,,,,
Turkiye,,,,,,,,,,,,,,,,13.4209616,14.31318681,13.17063332,14.72230841,16.26579203,16.66193316,16.51178962,14.59270725,14.33869919,15.2689533,,13.93806901,10.80096922,11.34561411,11.72819518,12.14195571,11.0271659,11.24919113,11.55833127,12.49517351,12.9688266,13.34277157,15.2014677,13.9767747,15.19952105,19.05053839,14.6683801,,,,,,,,,,17.50228731,18.07393495,18.85902049,18.57091787,18.10718164,18.3638081,17.94581705,18.18078068,18.26558723,17.71815774,17.27007462,16.52438584,17.66372303,17.86363737,16.09207149,18.53540687,
Tuvalu,,,,,,,,,,,,,,,,,,,,,,,,,,,,,,,,,,,,,,,,,,,,,,,,,,,,,,,,,,,,,,,,,,,,
Tanzania,,,,,,,,,,,,,,,,,,,,,,,,,,,,,,,,,,,,,,,,,,,,,,,,,,,,,11.53417446,9.912261582,9.793982,10.43300402,10.72192345,11.36379689,10.49249549,11.39033994,11.83671902,11.69508306,11.01911748,11.62676885,10.85579964,11.79268079,11.49148902,12.80290807
Uganda,,,,,,,,,,,,,,,,,,,,,,,,,,,,,,,,,,,,,,,,,,,,,,,,,,,,,,,,,,,10.80177081,11.11956297,11.60472367,11.68286865,12.23637947,11.39116331,12.45886668,12.54990427,12.96836848,
Ukraine,,,,,,,,,,,,,,,,,,,,,,,,,,,,,,,,,,,,,,,,,,,12.99175112,13.61538199,11.66241269,12.63279714,13.16162595,12.81409146,16.52877057,17.09216344,15.81795379,17.09171786,15.78923638,14.99750577,17.84004927,17.63331542,16.89868434,17.29434784,20.45136542,19.63011981,20.0523677,20.14255251,19.1961401,19.1514003,19.08232277,16.69150738,17.45906169,
Upper middle income,,,,,,,,,,,,,,,,,,,,,,,,,,,,,,,,,,,,,,,,,,,,,,,,,9.640915158,10.09958755,10.66169625,11.42163473,11.27131361,11.76453349,12.03763936,11.84625631,11.75265709,11.42629573,11.38589388,11.22199322,11.28705768,11.0686525,10.68594029,10.43914622,10.61064906,10.40444345,10.27134457,
Uruguay,,,,,,,,,,,,,,,,13.68094992,10.44732195,12.71035527,12.23612691,15.52333454,15.84769476,16.02307268,14.44700072,15.82577762,16.73906481,14.00555378,15.12129764,13.86925665,15.94975265,16.76322844,15.96544635,15.18910308,14.53217809,16.2025864,16.79324032,17.24085747,19.38949411,19.03440938,16.87875803,17.35110223,16.78079246,16.98284177,15.27828517,14.69913704,15.30598158,15.77767622,17.2060059,17.84620462,17.89692197,18.83230642,18.11094259,17.80020132,18.12269905,18.13641902,18.19877349,17.79187445,17.85973973,17.27528938,17.09561586,21.73224822,18.07747602,18.32470418,17.86509441,18.5526477,17.81741311,18.59747533,18.65799916,
United States,,,,,,,,,,,,,,,,11.8199373,11.49521249,11.83762036,11.1858005,10.74883688,11.61864632,11.54235905,12.00380766,12.13835265,12.55050996,11.97862664,10.34826823,10.15971565,10.38424016,10.16304589,10.94884573,10.59594327,10.78244038,10.46528476,10.32034243,9.984161837,10.30493432,10.62350664,10.98098904,11.37391458,11.82819993,12.32983078,12.25998248,12.9707953,11.85770477,9.868016676,9.390692579,9.537470791,10.68173293,11.3104789,11.28991266,10.27618809,7.903517092,8.56322203,9.538928617,9.763917369,10.46022545,10.89974817,11.18282796,10.85451499,11.50388673,9.929538941,9.884789597,10.15342202,11.3946785,12.59890368,10.64591277,
Uzbekistan,,,,,,,,,,,,,,,,,,,,,,,,,,,,,,,,,,,,,,,,,,,,,,,,,,,,,,,12.36625676,13.17440777,13.80047989,13.47039298,13.55775403,13.43296306,10.36874701,12.69529008,11.30196511,13.40202762,13.36290256,11.98874028,11.5296953,
St. Vincent and the Grenadines,,,,,,,,,,,,,,,,,,,,,,,,,,,,,,,,,,18.25914113,19.57735015,18.48150517,18.70561298,19.77017966,19.22130283,19.95486134,20.56486826,21.17430138,20.69311999,19.69909152,19.36284948,20.71661271,19.82706428,19.59298337,19.72446999,20.81832856,20.89507643,22.64470818,22.43107907,21.66726593,21.38479337,21.84468593,20.3705811,22.49991592,22.65950935,24.35209359,23.79953574,,,,,,,
"Venezuela, RB",,,,,,,,,,,,,,,,,,,,,,,,,,,,,,,,,,,,,,,,,,,,,,,,,,,,,,,,,,,,,,,,,,,,
British Virgin Islands,,,,,,,,,,,,,,,,,,,,,,,,,,,,,,,,,,,,,,,,,,,,,,,,,,,,,,,,,,,,,,,,,,,,
Virgin Islands (U.S.),,,,,,,,,,,,,,,,,,,,,,,,,,,,,,,,,,,,,,,,,,,,,,,,,,,,,,,,,,,,,,,,,,,,
Viet Nam,,,,,,,,,,,,,,,,,,,,,,,,,,,,,,,,,,,,,,,,,,,,,,,,,,,,,,,,,,,,,,,,,,,,
Vanuatu,,,,,,,,,,,,,,,,,,,,,,,,,,,,,,,,,,20.18513835,,,,,17.90147748,18.57191781,18.09150161,17.73552187,17.12485185,,,,,,,,,,16.49619805,16.19453505,16.44234816,17.3819159,18.22981783,18.3043649,16.26534095,16.31071187,17.12953302,17.8374475,17.59466055,14.04025579,15.36048429,16.09626138,17.40822577,
World,,,,,,,,,,,,,,,,,,,,,,,,,,,,,,,,,,,14.20235903,13.93379316,13.75981486,,,,,,16.12526642,,,,,14.49507809,14.07334739,14.54444309,14.77757976,14.32894637,13.09067127,13.34963658,13.69290415,13.78347048,14.01428278,14.00891173,14.01402439,13.89453844,14.17980514,13.87283958,13.78076387,13.67673137,14.37736378,14.52848063,13.61541037,
Samoa,,,,,,,,,,,,,,,,,,,,,,,,,,,,,,,,,,,,,,,,,,,,,,,,,,,,,,,,20.5386088,22.69418628,23.68292242,22.53865942,22.97078599,23.48328391,23.88151186,24.39474834,24.42261554,25.02896478,25.6499676,26.6813295,
Kosovo,,,,,,,,,,,,,,,,,,,,,,,,,,,,,,,,,,,,,,,,,,,,,,,,,,,,,,,,,,,,,,,,,,,,
"Yemen, Rep.",,,,,,,,,,,,,,,,,,,,,,,,,,,,,,,,,,,,,,,,,,,,,,,,,,,,,,,,,,,,,,,,,,,,
South Africa,,,,,,,,,,,,,,,,15.02706145,15.66954035,15.50688049,16.28742515,16.21160886,17.11741425,17.34111775,17.64883195,17.79657366,17.06284638,18.12792144,17.9500098,19.10036979,20.81317565,20.11717119,19.90587637,20.83862125,23.18883537,21.18745151,20.99614293,18.87998931,19.86883596,19.60437432,20.29552602,20.98463648,21.24983956,21.96394314,21.75993124,20.97606325,21.70059143,20.82489277,20.49276709,21.69859607,22.97211118,24.37808538,24.80723728,24.32280987,21.8948743,22.52060388,22.87467001,23.34576599,23.83139136,24.43193422,25.0486927,24.82835599,24.76928729,24.89489407,24.86734533,23.26494404,25.89462733,26.00545978,,
Zambia,,,,,,,,,,,,,,,,,,,,,,,,,,,,,,,,,,19.48288336,17.4938312,18.71092625,15.04017112,17.23651829,15.68950016,16.10561795,16.05009567,16.18818713,16.95430849,,16.54070446,15.44001287,14.85951988,15.31705863,14.7947686,13.7115293,14.08251458,13.25930378,11.68751583,12.83484241,14.71594332,14.8923643,14.34710932,15.76103033,14.39396393,13.35318143,15.18485696,16.58706547,16.67762266,16.41800551,16.78041068,,,
Zimbabwe,,,,,,,,,,,,,,,,,,,,,,,,,,,,,,,,,,,,,,,,,,,,,,,,,,,,,9.19687186,17.43500104,17.92840728,17.83558131,,,17.67341928,15.45828056,5.465504281,7.21476805,,,,,,